Date,Open,High,Low,Close,Volume,MACD,Signal Line,RSI,ATR,OBV,CMF,Buy,Predicted buy
2020-01-02,67.420502,68.433998,67.324501,68.433998,27278000,0.623012694104915,0.7154747717100995,60.58210702352725,0.7099988571428558,244268000,0.0328964411546448,False,True
2020-01-03,67.400002,68.6875,67.365997,68.075996,23408000,0.6240809980013466,0.697196016968349,55.50480606740667,0.7458924999999995,220860000,0.0031791147275284,True,False
2020-01-06,67.581497,69.916,67.550003,69.890503,46768000,0.7625529512193481,0.7102674038185488,66.64486130943234,0.8802853571428558,267628000,0.0489288564069897,False,False
2020-01-07,70.023003,70.175003,69.578003,69.755501,34330000,0.8515829208206753,0.7385305072189742,62.125533210769206,0.8634282142857137,233298000,-0.003951043556762,True,False
2020-01-08,69.740997,70.592499,69.6315,70.251999,35314000,0.9512377753992638,0.7810719608550322,67.1734483352815,0.883642357142857,268612000,0.0346867485023245,True,False
2020-01-09,71.096497,71.433998,70.510498,70.989502,33200000,1.077306772286775,0.8403189231413808,71.51095542345908,0.936035571428572,301812000,0.0275275732797937,True,False
2020-01-10,71.473503,71.747002,70.980003,71.447998,26258000,1.2003769576284071,0.9123305300387862,72.32480594467998,0.9594638571428576,328070000,0.0475043373808705,True,True
2020-01-13,71.762497,72.073997,71.268501,72.001503,30730000,1.3272742030370637,0.9953192646384418,76.38913452551087,0.9696065714285728,358800000,0.0782833366104266,False,True
2020-01-14,72.0,72.1315,71.388496,71.529503,26076000,1.3739170682086694,1.0710388253524874,72.57222970552115,0.9732142142857156,332724000,0.0462974875040764,True,False
2020-01-15,71.651001,72.039001,71.583,71.959999,21550000,1.4291450102296182,1.1426600623279135,76.39390506865257,0.981607071428572,354274000,0.0437641621761035,True,True
2020-01-16,72.272499,72.535004,72.0,72.508003,26080000,1.4998436313545227,1.2140967761332355,75.42476020908992,0.9556426428571436,380354000,0.1100690407451726,True,False
2020-01-17,73.126999,74.027496,72.827499,73.975998,52424000,1.6552470680608875,1.302326834518766,82.18882500609351,1.0139993571428576,432778000,0.2139999408565182,True,False
2020-01-21,73.949997,74.494003,73.510498,74.112503,48930000,1.769027970687688,1.3956670617525504,89.20671465721479,1.015821142857144,481708000,0.1890060352112753,True,True
2020-01-22,74.486504,75.028999,74.133003,74.193497,28458000,1.8444737494330357,1.4854283992886474,89.45812473160666,1.0508210000000011,510166000,0.2335545457124181,True,True
2020-01-23,74.377502,74.675003,74.015999,74.234497,26650000,1.885834701447976,1.5655096597205131,87.51693776359048,0.9932855714285732,536816000,0.2366509961809726,False,True
2020-01-24,74.640999,74.709999,73.158997,73.308502,29786000,1.8228804649759385,1.616983820771598,81.52681809965661,1.0096783571428585,507030000,0.2112540015556717,False,False
2020-01-27,71.577003,71.829002,70.974998,71.586502,34132000,1.6154162573129298,1.6166703080798643,60.33390474498332,1.0073574285714304,472898000,0.1963171618273999,True,True
2020-01-28,72.086998,72.739998,71.517998,72.525002,29724000,1.5093298694594353,1.5952022203557783,65.36990824453902,1.0520002857142867,502622000,0.253969928088441,True,False
2020-01-29,72.922997,73.207001,72.269501,72.834999,21566000,1.4337425186402155,1.562910280012666,64.63789486330596,1.0503217857142866,524188000,0.2863452302411127,False,True
2020-01-30,71.904999,72.762497,71.75,72.712502,27110000,1.3484108731990432,1.5200103986499414,60.49587815960655,1.0433932142857143,497078000,0.299928432111443,False,True
2020-01-31,73.392998,73.483498,71.352997,71.639,43822000,1.1805536025747756,1.4521190394349082,51.08241083804921,1.1407862142857144,453256000,0.2004469115881218,True,False
2020-02-03,73.082497,74.315002,72.830498,74.129997,71636000,1.2342999050477914,1.4085552125574847,59.89032833287581,1.2743937857142862,524892000,0.2614495863492463,False,True
2020-02-04,72.724503,73.366997,71.101501,72.2705,95880000,1.1140067926827868,1.3496455285825453,53.04987767924192,1.4376432142857152,429012000,0.1867753974480655,True,True
2020-02-05,73.180496,73.228996,71.484001,72.302498,36376000,1.0096173651297846,1.2816398958919932,51.45750693158279,1.5258930000000004,465388000,0.2019057341881063,True,True
2020-02-06,72.598999,74.078003,72.524002,73.7985,37822000,1.0356643564756638,1.2324447880087277,55.08170558895981,1.6116429999999995,503210000,0.2198433444361792,True,True
2020-02-07,73.369499,74.262497,73.2705,73.955498,28360000,1.05679315759879,1.19731446192674,49.90998097568679,1.573964714285714,531570000,0.2341430996029728,True,True
2020-02-10,73.861504,75.444,73.760002,75.432999,38302000,1.179167162380736,1.1936850020175394,55.18757918890133,1.623999928571428,569872000,0.2727923588889633,True,False
2020-02-11,75.663498,76.494003,75.272499,75.502998,34852000,1.2671903950460148,1.2083860806232345,55.14883321119529,1.645786214285715,604724000,0.2095670661669942,True,True
2020-02-12,75.792999,76.014999,75.433502,75.931503,31042000,1.3558962850823946,1.2378881215150666,56.47515092352037,1.6402499999999998,635766000,0.2583117209320219,False,True
2020-02-13,75.5,76.297501,75.199997,75.669502,22914000,1.3890430275885848,1.2681191027297702,59.48955441618373,1.6078572857142857,612852000,0.2351427053634496,True,True
2020-02-14,75.726501,76.002502,75.277496,75.936501,23198000,1.4204822129984225,1.2985917247835008,69.79973496569363,1.4929645714285715,636050000,0.2301681161453207,True,False
2020-02-18,75.717003,76.528,75.550499,75.972,25642000,1.4317580509918884,1.3252249900251782,67.09482610182583,1.475500357142858,661692000,0.1686520121766445,True,True
2020-02-19,76.360001,76.537003,76.049004,76.2435,22746000,1.4459341855908576,1.3493668291383143,66.96869964091181,1.4488934285714297,684438000,0.1529213257439031,False,True
2020-02-20,75.9505,76.3535,75.212997,75.849503,25962000,1.4091330011816012,1.3613200635469718,65.20602288222139,1.452858000000001,658476000,0.1925149247667327,False,False
2020-02-21,75.228996,75.547501,73.9245,74.172997,42520000,1.230503298283395,1.3351567104942563,61.604676827686056,1.4381795714285732,615956000,0.1599228989386677,False,True
2020-02-24,71.152496,71.819,70.3395,70.992996,49560000,0.8228531287958134,1.232695994154568,36.486602097027145,1.5208577857142862,566396000,0.1802450746130798,False,True
2020-02-25,71.550003,71.842499,69.021004,69.316002,51580000,0.360314550094202,1.0582197053424949,37.06946474681608,1.506072,514816000,0.1030874896096916,True,False
2020-02-26,69.749001,70.683502,68.827499,69.523499,49776000,0.0103730932756178,0.8486503829291195,38.02155500185822,1.5140011428571438,564592000,0.0598218421481852,False,True
2020-02-27,67.957001,68.470001,65.711998,65.747498,62290000,-0.5651352286566151,0.5658932606119726,20.99782723311634,1.6594294285714304,502302000,-0.0224457373880682,True,True
2020-02-28,63.7155,67.122498,63.4105,66.962502,80198000,-0.9126683785618468,0.2701809327772088,26.593271765089938,1.853715214285716,582500000,0.0347808809787356,True,True
2020-03-02,67.569504,69.373497,66.260002,69.316002,55430000,-0.9868078164811892,0.0187831829255292,30.65955533206873,1.9558221428571445,637930000,0.1307484986099766,False,True
2020-03-03,69.884003,70.4095,66.461998,66.886002,56602000,-1.227494751415378,-0.2304724039426522,26.29307223658587,2.1505362857142862,581328000,0.0202409073638255,True,True
2020-03-04,67.947998,69.139,66.849998,69.080002,47598000,-1.2270586491396926,-0.4297896529820603,32.819274947680455,2.272500928571429,628926000,0.0725680679720118,False,True
2020-03-05,67.277496,67.681503,65.082001,65.737999,54380000,-1.4793319291329396,-0.6396981082122362,28.42806627302652,2.479679285714285,574546000,0.0416572893788722,False,False
2020-03-06,63.497501,65.137497,62.8605,64.787003,64640000,-1.735986380077705,-0.8589557625853299,26.48132355823597,2.6334287857142846,509906000,0.0640253474966006,False,False
2020-03-09,60.248001,62.636501,59.902,60.789501,69252000,-2.236174654976565,-1.1343995410635772,22.560592703526325,2.91253607142857,440654000,0.0225009612971444,True,True
2020-03-10,62.719501,63.7925,60.725498,63.758499,54872000,-2.365733438387622,-1.3806663205283862,29.44043505056928,3.091250285714284,495526000,0.0392361549949813,False,False
2020-03-11,62.413502,62.8465,59.556999,60.544998,54732000,-2.6966273406226264,-1.6438585245472344,26.938893066626093,3.309892928571427,440794000,0.0382458183921281,False,False
2020-03-12,56.131001,59.4375,55.4235,55.577499,94326000,-3.32141163051476,-1.97936914574074,24.508204532957294,3.538213999999998,346468000,-0.0724803412640742,True,True
2020-03-13,58.7495,60.720001,55.614498,60.713501,79400000,-3.363354585495607,-2.256166233691713,36.62551451037727,3.631714357142856,425868000,0.0088577895821122,False,True
2020-03-16,54.480499,57.273499,53.354,53.650002,96520000,-3.921357053523394,-2.5892043976580497,32.12296959453306,3.955857642857142,329348000,-0.0803891647445763,True,True
2020-03-17,54.532001,56.299999,52.455002,55.903,83194000,-4.134124308490762,-2.8981883798245924,35.150400544003105,4.097928642857142,412542000,-0.0183530046349593,False,False
2020-03-18,52.997002,55.2495,51.849998,54.559502,93044000,-4.360883402171851,-3.1907273842940445,37.11921066568422,4.115178714285713,319498000,0.0299760811060453,True,True
2020-03-19,54.410999,57.630501,52.7775,55.5835,74064000,-4.407160533663621,-3.43401401416796,36.84143163533441,4.196678928571427,393562000,0.0353986641981908,False,True
2020-03-20,56.544998,56.924,53.105,53.4105,82878000,-4.566538223195195,-3.660518855973408,31.52992601009244,4.247072142857141,310684000,0.0047213094231138,False,False
2020-03-23,52.818501,53.345501,50.443501,52.706501,83672000,-4.695525926125121,-3.8675202700037503,32.846614081906,4.177036214285713,227012000,0.0424912607024474,True,False
2020-03-24,55.199001,56.6665,54.321499,56.5005,72468000,-4.440419209889306,-3.982100057980861,35.34933051010667,4.296393142857142,299480000,0.1149472371019251,False,True
2020-03-25,56.229,57.308498,54.150501,55.081001,90324000,-4.303182595061934,-4.046316565397076,37.0065094022803,4.2363928571428575,209156000,0.0947296849955026,True,False
2020-03-26,55.736,58.574001,54.601501,58.146,76562000,-3.902120568116708,-4.017477365941002,42.29992766503604,4.314607214285714,285718000,0.1762775131259777,False,False
2020-03-27,56.373501,57.552502,55.200001,55.513,62794000,-3.753469457910427,-3.964675784334888,43.68212173577448,4.176106928571429,222924000,0.0958897214738114,True,False
2020-03-30,56.632,57.549999,54.9245,57.315498,58736000,-3.450441317915079,-3.861828891050926,42.06370375198909,4.144571000000001,281660000,0.0921270833940615,True,False
2020-03-31,57.436501,58.669998,56.835999,58.0975,65228000,-3.1113229140108487,-3.711727695642911,46.79315176508477,3.975463785714286,346888000,0.1388493803957008,False,False
2020-04-01,56.200001,56.471001,54.6745,55.105,51970000,-3.0488931341541345,-3.579160783345156,49.34711539495207,3.8541425,294918000,0.0890809404103723,True,False
2020-04-02,55.0,56.1385,54.656502,55.851501,56410000,-2.905685755244704,-3.444465777725066,42.35438179468542,3.5926779285714283,351328000,0.130931484901812,False,True
2020-04-03,55.7355,55.939499,53.754002,54.634998,51374000,-2.8574159882331003,-3.327055819826673,51.89794640979146,3.2231062142857136,299954000,0.0944541891939106,True,True
2020-04-06,56.650002,59.537498,56.25,59.1595,63320000,-2.426105715067507,-3.14686579887484,55.769742263230086,3.2986421428571417,363274000,0.145370136799473,False,True
2020-04-07,60.850498,61.039001,58.862499,59.127998,61620000,-2.063049612558075,-2.9301025616114877,58.48894524117321,3.164606428571428,301654000,0.0756878578437019,True,True
2020-04-08,60.154999,60.744999,59.197498,60.349998,40334000,-1.657611929822103,-2.6756044352536104,58.79216663277566,2.933463571428571,341988000,0.1053684464098613,False,True
2020-04-09,60.909,61.099499,59.620998,60.328499,54028000,-1.3227861791905369,-2.405040784040996,63.86094603955768,2.7662850714285705,287960000,0.1690435740351313,True,True
2020-04-13,60.075001,60.726002,59.116501,60.5205,38702000,-1.0300675064257447,-2.1300461285179457,65.98412101949003,2.669320928571428,326662000,0.1369939637136133,True,True
2020-04-14,61.998501,63.787498,61.426998,63.261501,63358000,-0.5703355034741122,-1.8181040035091791,64.45275540105652,2.6198208571428565,390020000,0.2288358855100808,False,False
2020-04-15,62.3255,63.755501,61.700001,62.865002,42236000,-0.2352766122331004,-1.5015385252539637,67.40063165357796,2.541071071428571,347784000,0.1890881182785502,True,True
2020-04-16,63.356998,63.667999,61.91,62.871498,57896000,0.0304333294768994,-1.195144154307791,62.23683098390222,2.382892428571428,405680000,0.1544770116495022,True,True
2020-04-17,64.084999,64.5,63.299999,63.950001,51050000,0.3242982430163437,-0.8912556748429641,73.760836074921,2.2887854999999995,456730000,0.1513960727997154,False,True
2020-04-20,63.494499,63.841,62.821999,63.057499,35292000,0.4796418391738299,-0.6170761720396053,67.04463681482991,2.1818214285714284,421438000,0.2005251501443063,False,False
2020-04-21,62.135502,62.5,60.25,60.608002,49648000,0.4004823109305633,-0.4135644754455716,56.78092317286341,2.2513571428571426,371790000,0.1359341021653974,True,True
2020-04-22,62.0555,63.993999,61.860001,62.920502,46296000,0.518371771014273,-0.2271772261536027,71.91486798703373,2.248714071428572,418086000,0.0831829588183087,True,True
2020-04-23,63.286999,64.407501,63.026501,63.558498,34202000,0.6557222053133032,-0.0505973398602215,71.74292322163723,2.2490712857142863,452288000,0.1151451485229236,True,True
2020-04-24,62.75,63.885502,62.200001,63.830002,37402000,0.7775187654585451,0.1150258812035317,77.40196359495008,2.2133572857142867,489690000,0.0949705651196131,False,True
2020-04-27,64.599998,64.705002,63.252998,63.542999,44186000,0.8411879819203918,0.2602583013469038,67.47736514237107,1.9668932857142865,445504000,0.1162165716227367,False,True
2020-04-28,64.160004,64.237999,61.519001,61.629501,80700000,0.7288413682432591,0.3539749147261749,58.67222455692317,2.0056430000000005,364804000,-0.0056432968657848,True,True
2020-04-29,67.25,68.0075,66.336502,67.109001,108358000,1.069625743644444,0.4971050805098288,68.09155075436567,2.345714285714286,473162000,-0.0359997733881458,True,False
2020-04-30,66.568001,67.5,66.074997,67.334999,55842000,1.3424609124784863,0.6661762469035604,68.55092997441602,2.341893,529004000,0.0293878193290391,False,True
2020-05-01,66.204498,67.571503,65.483002,65.865997,48872000,1.4237366155538351,0.8176883206336154,63.25669534790045,2.376107285714286,480132000,-0.0319313989815265,True,True
2020-05-04,65.406502,66.223503,64.800499,66.144997,30806000,1.49344565225897,0.9528397869586864,58.145699951490144,2.2443934285714287,510938000,0.0032220364637534,True,False
2020-05-05,66.875,68.550499,66.751503,67.450996,39666000,1.635223927144665,1.0893166149958822,62.32197993680261,2.269393571428572,550604000,-0.053125642468542,False,False
2020-05-06,67.900002,68.434502,67.2565,67.2715,31732000,1.7133499724010337,1.2141232864769125,61.71334913356928,2.2279652142857134,518872000,-0.0389172146247044,True,False
2020-05-07,68.065498,68.800003,67.626999,68.463997,30652000,1.8501624469192637,1.341331118565383,61.94432131427659,2.220822428571428,549524000,-0.0460825983107909,True,False
2020-05-08,69.091003,69.832001,68.600502,69.217003,33326000,1.996336089952976,1.4723321128429014,66.41965535566985,2.237965428571428,582850000,-0.0446172307587852,True,False
2020-05-11,68.8395,70.776497,68.775002,70.179497,32718000,2.164889478769112,1.6108435860281436,77.71214823735703,2.1803937142857137,615568000,-0.0612651311427432,False,False
2020-05-12,70.411003,70.716499,68.725502,68.759003,33918000,2.1589601112744106,1.720466891077397,67.824776780467,2.080750857142856,581650000,-0.1366348117721129,False,False
2020-05-13,68.807999,69.266502,66.400497,67.416496,40368000,2.022616485900798,1.7808968100420772,61.29258415789533,2.1792512857142845,541282000,-0.155750808898638,True,True
2020-05-14,66.676003,67.8685,66.165001,67.843002,36660000,1.926768067321461,1.8100710614979545,61.6406567268086,2.1805368571428554,577942000,-0.1260054721274638,True,False
2020-05-15,67.413002,68.728996,66.949997,68.653,41544000,1.89433090669867,1.8269230305380972,64.38626812676466,2.2038936428571416,619486000,-0.0895305202221946,True,False
2020-05-18,68.079002,69.638,67.709999,69.259003,47094000,1.895671479923564,1.840672720415191,73.18645190700501,2.1473938571428564,666580000,-0.0357522190991224,False,True
2020-05-19,69.274002,69.624496,68.688004,68.720001,31586000,1.8321213822516145,1.838962452782476,56.99704534450214,1.7587147857142844,634994000,-0.031490645077377,True,False
2020-05-20,69.458,70.601501,69.371002,70.458,38262000,1.9000963384089005,1.8511892299077608,61.98940525428316,1.791321714285713,673256000,0.0019606645687112,False,False
2020-05-21,70.5495,70.822998,69.719498,70.337502,30894000,1.9220871748465669,1.8653688188955224,69.14909589731452,1.7209644999999978,642362000,0.0151866200560205,True,False
2020-05-22,70.195,70.849998,69.797501,70.662003,28544000,1.9432984549632977,1.8809547461090772,69.26885931234531,1.694499714285713,670906000,-0.0038231474133597,True,False
2020-05-26,72.098,72.255501,70.970001,71.068497,44590000,1.970197999727532,1.8988033968327684,66.7144234692156,1.6364994285714272,715496000,-0.0167766954918298,False,False
2020-05-27,71.0,71.267502,69.730003,71.014,31684000,1.964473403748201,1.9119373982158552,67.49404664854728,1.6621777857142843,683812000,0.0989404129065607,False,True
2020-05-28,70.0,72.223,69.954002,70.912003,35170000,1.92946464731142,1.915442848034968,62.74207276371962,1.7150702857142843,648642000,0.1123024066674033,True,True
2020-05-29,71.0215,71.836502,70.799004,71.676003,37044000,1.940993802270512,1.920553038882077,62.78466547225269,1.6914627142857128,685686000,0.0913181257080566,True,True
2020-06-01,71.285004,72.079002,71.113998,71.7435,25162000,1.9332914045630216,1.9231007120182664,58.965857918024,1.6174276428571417,710848000,0.1494551846404894,True,False
2020-06-02,71.75,72.150002,71.080498,72.115501,23442000,1.9349002450535693,1.925460618625327,71.87071088812132,1.551606714285713,734290000,0.1431491341013002,False,True
2020-06-03,72.135002,72.4505,71.581001,71.962502,27732000,1.9019055389415769,1.920749602688577,85.05561080272774,1.408999142857142,706558000,0.1536040213693705,False,True
2020-06-04,71.838997,72.066002,70.300499,70.714996,26982000,1.7548647003758615,1.8875726222260345,69.65774911184025,1.4134279999999992,679576000,0.179204333610522,True,True
2020-06-05,70.781998,72.315002,70.380997,72.000999,42642000,1.722250439956838,1.8545081857721952,71.5139460919982,1.424499857142857,722218000,0.1988677311223256,True,False
2020-06-08,71.314003,72.449997,71.223999,72.402,33878000,1.709059854842721,1.8254185195863009,70.74313011030233,1.3743567857142849,756096000,0.2439095042223304,True,False
2020-06-09,72.262001,73.389999,72.117996,72.603996,33624000,1.6953625262793253,1.7994073209249055,76.8269160237708,1.3983218571428568,789720000,0.2130025023468943,True,False
2020-06-10,73.0755,73.638496,72.718002,73.235001,31762000,1.7156472115783146,1.7826552990555875,72.64353607594273,1.3378218571428573,821482000,0.2669508829628536,False,False
2020-06-11,72.051498,72.580002,69.920502,70.095001,47144000,1.4615039056264862,1.7184250203697675,48.675074689966,1.4957503571428572,774338000,0.2223471564526828,True,True
2020-06-12,71.292999,71.725502,69.290001,70.646004,36676000,1.2896881199875878,1.6326776402933316,49.91469928712941,1.5945363571428572,811014000,0.1771937065863607,True,True
2020-06-15,69.474503,71.25,69.360001,71.037003,30468000,1.171568115626755,1.5404557353600166,49.83180781551604,1.6157150000000005,841482000,0.1590293636092902,True,False
2020-06-16,72.449997,72.858498,71.449501,72.323502,30648000,1.1682994499238075,1.466024478272775,56.18009938358622,1.6360004285714294,872130000,0.1311977646061732,True,True
2020-06-17,72.647003,73.110001,71.7565,72.626999,30610000,1.1766351625505678,1.4081466151283335,57.94273363686533,1.5706077857142862,902740000,0.1886512605911313,False,True
2020-06-18,72.4925,72.648499,71.311996,71.706001,34862000,1.0962871178843443,1.345774715679536,50.13693960122724,1.5919652857142867,867878000,0.1238438066661513,False,True
2020-06-19,72.0,72.224998,70.949997,71.232002,52784000,0.983031184110132,1.273226009365655,47.74859047567737,1.6141079285714297,815094000,0.0715347601985902,True,False
2020-06-22,71.250504,72.547501,70.959503,72.532997,29442000,0.9868783450094298,1.2159564764944102,51.6987264515604,1.6511432142857154,844536000,0.086822812189565,True,True
2020-06-23,72.599998,73.760002,72.25,73.198997,37752000,1.0317742306711608,1.1791200273297604,54.82949226032167,1.6968934285714294,882288000,0.1575371454399667,False,False
2020-06-24,73.164001,73.789497,71.5,71.635002,31592000,0.9304278250708506,1.1293815868779784,53.50665765105781,1.7343215714285722,850696000,0.085287256318116,True,False
2020-06-25,71.560997,72.115997,70.976997,72.055,23958000,0.8739263184031358,1.07829053318301,50.2203765349044,1.6775354999999996,874654000,0.1269208146091008,False,False
2020-06-26,71.6315,71.850998,67.75,68.126999,97640000,0.50635467279848,0.963903361106104,36.45349811790811,1.8974642142857152,777014000,-0.0280761693078052,True,True
2020-06-29,68.016998,69.900002,67.582497,69.858498,45074000,0.3507260425065368,0.8412678973861907,42.068925951244296,1.9721429285714291,822088000,0.0204774746040454,True,True
2020-06-30,69.844002,71.199997,69.346497,70.902496,40286000,0.3080797932178996,0.7346302765525325,43.41898964313425,2.0306429285714285,862374000,0.0271119693308223,True,True
2020-07-01,70.958504,72.424004,70.709,72.099998,42182000,0.3666838338809981,0.6610409880182256,56.35337841481925,1.9163932857142851,904556000,0.064609704787936,True,False
2020-07-02,72.592003,74.426003,72.553497,73.496498,57218000,0.5198216568064566,0.6327971217758719,58.57318243939056,1.908572142857142,961774000,0.0803721897775075,True,False
2020-07-06,74.407501,75.5,73.848999,74.982498,44712000,0.7524188496192039,0.6567214673445384,61.13321264883548,1.9166794999999988,1006486000,0.0652554950249213,False,False
2020-07-07,74.806503,76.066002,74.485001,74.496002,42364000,0.8872697459868135,0.7028311230729934,56.42011532507089,1.899501357142856,964122000,-0.0243568061113025,True,True
2020-07-08,75.040001,75.558502,74.614998,75.18,31766000,1.0373747645541729,0.7697398513692293,57.37862456364832,1.8787155714285704,995888000,-0.0070611586313789,True,False
2020-07-09,75.496498,76.457001,74.779503,75.932999,41836000,1.2032247732373804,0.8564368357428596,62.33657172142386,1.903072357142856,1037724000,0.007237652950333,True,True
2020-07-10,75.662498,77.067001,75.036003,76.9505,35918000,1.400620446442332,0.965273557882754,66.17635660515509,1.957072142857142,1073642000,0.0963023865936565,False,True
2020-07-13,77.497002,78.818001,75.328003,75.611504,42954000,1.4324991938656666,1.0587186850793366,58.68972804501518,2.092929285714285,1030688000,0.046859822237152,True,True
2020-07-14,74.639503,76.139999,74.296501,76.042999,38108000,1.475571896902565,1.1420893274439825,58.13549281885928,2.116750428571428,1068796000,0.059050432318652,False,True
2020-07-15,76.161499,76.816498,74.891502,75.844002,31026000,1.4766282779496862,1.2089971175451233,63.06008819670868,2.090714642857141,1037770000,0.049774300203247,False,True
2020-07-16,75.074997,75.795502,74.413498,75.746002,26484000,1.4528105904173714,1.257759812119573,61.686316511758925,2.1115363571428563,1011286000,0.0691337066384301,True,True
2020-07-17,75.845497,76.171501,74.904999,75.842499,34264000,1.4252915293545383,1.291266155566566,82.25414569551484,1.8945007857142844,1045550000,0.1063736430009277,True,False
2020-07-20,75.75,78.4505,75.135002,78.192001,30166000,1.5749130338853092,1.347995531230315,83.12603087765527,1.9657859999999996,1075716000,0.1775797047684792,False,True
2020-07-21,79.251503,79.352501,77.630997,77.795998,27486000,1.64260014958451,1.4069164549011537,78.89028158618177,1.9563577142857145,1048230000,0.1143325444383446,True,False
2020-07-22,77.7855,78.348999,77.161499,78.2425,24482000,1.7125306687267994,1.4680392976662828,77.47220221036993,1.918678857142858,1072712000,0.1294147408279305,False,False
2020-07-23,78.296501,78.517502,75.429497,75.837502,33910000,1.5559518256761464,1.4856218032682555,59.60373758285207,1.9731074285714292,1038802000,0.1327198414103532,False,False
2020-07-24,74.959503,75.7715,74.379501,75.4105,29902000,1.3814816115974224,1.464793764934089,51.922915528872046,1.934143071428572,1008900000,0.1229572745008213,True,False
2020-07-27,75.663002,76.877998,75.616501,76.471497,27124000,1.3136829810616888,1.434571608159609,58.43977098449373,1.9260357142857156,1036024000,0.2577119103658786,False,False
2020-07-28,76.25,76.300499,75.026001,75.182503,30910000,1.1427679174674663,1.3762108700211806,50.01016778428337,1.953392571428573,1005114000,0.1691853293673126,True,True
2020-07-29,75.25,76.666496,75.150497,76.175499,22676000,1.0750504640250682,1.315978788821958,50.966252486356936,1.9418569285714296,1027790000,0.145623910079718,True,True
2020-07-30,74.898499,77.044502,74.758499,76.918503,36042000,1.0690151661539602,1.2665860642883586,49.86965518853984,1.9600715714285712,1063832000,0.1553714494580703,False,False
2020-07-31,74.852501,75.250999,72.699997,74.397499,91468000,0.8509984152161536,1.1834685344739175,45.48897959280741,2.012107857142857,972364000,0.1892693136409337,False,False
2020-08-03,74.550003,74.886497,73.585999,74.138,45482000,0.6497888078977496,1.076732589158684,42.82972102895256,1.973322142857144,926882000,0.1565511064950654,False,True
2020-08-04,74.335503,74.655502,73.2015,73.665001,37212000,0.4470088385411941,0.9507878390351862,41.96414853905044,1.939679714285716,889670000,0.1970029050111167,True,False
2020-08-05,73.841003,74.5,73.560997,73.954498,29134000,0.306135303136017,0.8218573318553524,43.4852002553694,1.9045725000000016,918804000,0.1823826310628422,True,True
2020-08-06,73.807503,75.313499,73.595001,75.247498,33306000,0.2954208773554683,0.7165700409553756,48.00949712488231,1.9368579285714296,952110000,0.2058330021964314,False,False
2020-08-07,75.452003,76.004501,74.313499,74.918503,27718000,0.2574151491529903,0.6247390625948985,37.337044862515846,1.8208225000000016,924392000,0.1515448961021916,False,True
2020-08-10,74.540001,75.357498,73.874496,74.841003,20546000,0.2185227393173932,0.5434957979393975,38.2803282021311,1.8037866428571443,903846000,0.2188652698437935,False,False
2020-08-11,74.699997,75.522003,73.9095,74.027,31098000,0.1206264781719426,0.4589219339859066,33.754657601903034,1.834144000000002,872748000,0.1306698768953661,True,False
2020-08-12,74.356003,75.583504,74.25,75.362,22512000,0.1490481940474666,0.3969471859982186,48.002845985002274,1.724751071428574,895260000,0.1555489680828454,True,False
2020-08-13,75.4105,76.848503,75.4105,75.832497,22388000,0.207149889459373,0.3589877266904495,51.76597560174375,1.7267869285714317,917648000,0.1050831876769449,False,True
2020-08-14,75.680496,75.989502,74.949997,75.231499,21942000,0.2023676178936568,0.327663704931091,44.60306619454445,1.6962160000000028,895706000,0.0660043621085855,True,True
2020-08-17,75.7985,76.189003,75.25,75.811996,19990000,0.2426220932436678,0.3106553825936063,52.919864754256885,1.661359428571431,915696000,0.0331830520311522,True,True
2020-08-18,76.306,77.8685,76.083504,77.789001,28378000,0.429105376287211,0.3343453813323273,56.85808761985593,1.6999669285714316,944074000,0.1086879672094677,False,False
2020-08-19,77.624496,78.443001,77.0,77.230499,30472000,0.5257675567197424,0.3726298164098103,51.34724979609629,1.6397525000000033,913602000,0.0441003051335404,True,True
2020-08-20,76.998497,79.008499,76.723,78.8125,26382000,0.7217078911700838,0.442445431361865,70.74719879984887,1.5016805714285744,939984000,0.118371045618493,False,False
2020-08-21,78.589996,79.594002,78.115501,78.778503,34838000,0.8642857954697121,0.5268135041834344,72.27906769519507,1.5143950714285748,905146000,0.0893380147617326,True,False
2020-08-24,79.623497,80.439003,78.751999,79.2575,25638000,1.0043533068671735,0.6223214647201822,76.83414857018704,1.5310380714285745,930784000,0.0583350651871907,True,True
2020-08-25,79.004997,80.444,78.893997,80.292503,25150000,1.1852115302484805,0.734899477825842,78.3808339516541,1.574680928571432,955934000,0.1277380585415126,True,True
2020-08-26,80.315002,82.639503,80.049004,82.206497,52188000,1.4660861664560656,0.8811368155518868,79.51983326700315,1.6369667142857185,1008122000,0.1624632439424323,False,False
2020-08-27,82.330498,82.399498,80.940498,81.426003,31350000,1.6071754778271696,1.0263445480069433,76.58620901536196,1.6203951428571457,976772000,0.0988711389336407,True,True
2020-08-28,81.473503,82.067497,81.280502,81.971497,22418000,1.7429153374161928,1.1696587058887933,78.05849014699736,1.5706803571428591,999190000,0.0878423874403963,False,True
2020-08-31,82.178497,82.224998,81.266502,81.476501,26422000,1.7899150868102538,1.2937099820730855,80.06868227786528,1.523965571428573,972768000,0.076775425293451,True,True
2020-09-01,81.608002,82.960999,81.476501,82.753998,22652000,1.908248952155347,1.4166177760895378,79.97572906086074,1.5188222857142872,995420000,0.1325712153681411,True,False
2020-09-02,83.400497,86.305,83.009499,85.869499,49522000,2.2277442375151253,1.5788430683746555,83.51258125555589,1.6662865000000022,1044942000,0.1994451955803207,False,False
2020-09-03,84.975998,85.0,80.385498,81.475502,63726000,2.102155378608785,1.6835055304214817,66.63472750789578,1.9837505000000024,981216000,0.083087132192329,False,True
2020-09-04,80.449997,81.749496,76.898499,79.060501,55850000,1.787153709908864,1.7042351663189583,57.883772142177655,2.261857142857145,925366000,0.0822654056331988,False,False
2020-09-08,76.25,77.777496,75.824997,76.18,54032000,1.2902075511278923,1.6214296432807451,46.25917681016558,2.3460714285714306,871334000,0.0172330818298763,True,True
2020-09-09,77.445,77.935997,76.258499,77.361504,39242000,0.9804100814148456,1.4932257309075652,50.29600329016566,2.3684282857142875,910576000,0.0746906179047335,False,True
2020-09-10,77.509003,78.682999,76.0,76.302498,33024000,0.642039390540944,1.322988462834241,44.1914188394677,2.3968211428571444,877552000,0.0143121843782245,False,False
2020-09-11,76.407501,76.934998,74.651001,75.788002,30706000,0.328575044237553,1.1241057791149036,43.23001930456917,2.454356571428572,846846000,0.0272741510512833,False,False
2020-09-14,76.582497,77.849998,75.255501,75.441498,42660000,0.0515975302478608,0.9096041293414951,41.3090915418192,2.519177500000001,804186000,-0.0105777953129449,True,True
2020-09-15,76.394501,77.5495,76.105003,76.755997,23042000,-0.0611353314847775,0.7154562371762407,42.04689197608435,2.559034571428572,827228000,-0.0191874837305362,False,True
2020-09-16,77.124001,77.718498,75.579498,75.6045,22128000,-0.240619410261246,0.5242411076887434,34.62577197778566,2.5267846428571423,805100000,-0.0860669584279392,False,False
2020-09-17,74.290497,74.932999,73.123001,74.351997,40008000,-0.4784135071914051,0.3237101847127138,33.880947706502795,2.5998202857142862,765092000,-0.0362998618091714,False,True
2020-09-18,74.415001,74.760002,71.581001,72.554497,63056000,-0.8026577312000285,0.0984366015301653,29.70036820863389,2.770677857142857,702036000,-0.0956449449434338,False,False
2020-09-21,71.581001,72.002998,70.134003,71.507004,56908000,-1.1311088271475285,-0.1474724842053734,29.00937483985153,2.8751062857142853,645128000,-0.0540818205169,True,False
2020-09-22,72.515999,73.198502,71.474998,72.990997,33950000,-1.2571709698169684,-0.3694121813276924,29.62135126103182,2.892178142857143,679078000,-0.0077665558000172,False,True
2020-09-23,72.6045,72.653999,70.134003,70.469498,37726000,-1.5427560904859945,-0.6040809631593529,17.037659215051946,2.8426061428571407,641352000,-0.0674920813862622,True,True
2020-09-24,70.134003,71.899498,70.107498,71.142998,34552000,-1.695197354936241,-0.8223042415147306,23.69457953503489,2.5788917857142826,675904000,-0.1065128002313697,True,True
2020-09-25,71.252502,72.296997,70.384003,71.953003,30326000,-1.7306971221842955,-1.0039828176486436,30.29471845629206,2.369034428571425,706230000,-0.0684079290723438,True,False
2020-09-28,73.599503,73.649498,72.314003,72.932999,30784000,-1.6606109669264129,-1.1353084475041977,39.93739306352823,2.259105214285711,737014000,-0.0919731556457914,True,False
2020-09-29,73.195503,73.599998,72.699997,73.301003,31816000,-1.5574193755770551,-1.219730633118769,36.74814031792051,2.19796264285714,768830000,-0.0592768122635119,False,True
2020-09-30,73.046997,74.309998,72.788002,73.279999,40924000,-1.4604984265075842,-1.267884191796532,39.4188675604462,2.115033857142854,727906000,-0.095785758191454,True,False
2020-10-01,74.182999,74.753502,73.839996,74.394997,32884000,-1.2789736438861323,-1.2701020822144522,45.32014557553771,2.0571414285714247,760790000,-0.1346066726192204,False,True
2020-10-02,72.981499,73.9515,72.3675,72.779999,31222000,-1.2510099236683343,-1.2662836505052288,41.76082465214199,2.0166414285714245,729568000,-0.1159303717753627,True,True
2020-10-05,73.1325,74.235001,73.004501,74.141502,21602000,-1.1062345767892197,-1.234273835762027,41.929820261674976,1.9699985714285668,751170000,-0.0879857715467306,False,True
2020-10-06,73.775002,74.225998,72.250504,72.551003,26096000,-1.1070773497267794,-1.2088345385549777,40.82344727977376,1.9583195714285668,725074000,-0.0683901898167243,True,True
2020-10-07,72.9655,73.448502,71.661499,72.957001,36108000,-1.0627340709772852,-1.179614445039439,45.58293685196434,1.9087127142857097,761182000,-0.0631471026371621,True,True
2020-10-08,73.272499,74.401497,73.272499,74.171501,26076000,-0.918998065450154,-1.127491169121582,55.31629755148448,1.7848194999999956,787258000,-0.00453914673578,True,True
2020-10-09,74.642998,75.592499,74.349998,75.522499,32966000,-0.6881395532514034,-1.0396208459475464,62.943610528836864,1.7134269285714243,820224000,0.037767584259381,True,True
2020-10-12,76.900002,79.420998,76.464996,78.2295,55344000,-0.2834823536284432,-0.8883931474837258,65.65180334306915,1.86878371428571,875568000,0.103903853349462,True,False
2020-10-13,78.850502,79.258003,77.931503,78.3535,39072000,0.0466790689095404,-0.7013787042050726,77.49529120588932,1.7594627142857109,914640000,0.0851013284270891,False,True
2020-10-14,78.730003,79.192497,77.294998,78.171997,33174000,0.29034172110984,-0.5030346191420901,75.38459893880881,1.7669983571428542,881466000,0.1098249831558817,False,False
2020-10-15,77.224998,78.57,77.056503,77.773499,31210000,0.4461477566387373,-0.3131981439859246,71.66410838575207,1.738462857142853,850256000,0.0891629361707879,True,True
2020-10-16,78.091499,78.885498,77.883003,78.385002,34194000,0.6119145735729177,-0.1281756004741562,70.86490654004245,1.696713142857139,884450000,0.1279927026953365,False,True
2020-10-19,78.796501,79.196503,76.146004,76.497498,29734000,0.5842453552327527,0.0143085906672255,60.95852948611838,1.850320142857139,854716000,0.0591512901291537,True,True
2020-10-20,76.155502,78.692001,76.025002,77.554001,41670000,0.6401885675846728,0.139484586050715,63.68117912374679,1.9321060714285687,896386000,0.029449168296968,True,True
2020-10-21,78.4925,80.757004,78.357002,79.2995,60322000,0.8159652089705247,0.274780710634677,65.09030764393994,2.055641785714283,956708000,0.0495486553120819,True,False
2020-10-22,79.25,80.670998,78.874001,80.333,30512000,1.0268276464213244,0.4251900977920065,74.10171887705211,2.039177499999997,987220000,0.0694537684478799,True,False
2020-10-23,80.752502,81.706001,80.595497,81.649002,30548000,1.285311736772556,0.5972144255881164,74.0262942227827,2.033320285714283,1017768000,0.08091090390613,False,False
2020-10-26,80.75,81.478996,78.389,79.2145,35826000,1.2789750470275578,0.7335665498760048,70.23225307091036,2.125070857142855,981942000,0.0597438712835575,True,True
2020-10-27,79.446503,80.099998,78.849503,79.944,25902000,1.3176289220475326,0.8503790243103104,70.8057697293189,2.086748857142855,1007844000,0.0728537347765693,False,True
2020-10-28,77.500504,77.690498,75.424004,75.540001,45174000,0.9815814233076594,0.8766195041097802,53.4245869174924,2.306427428571427,962670000,0.0351288261936601,True,False
2020-10-29,75.850998,79.436996,75.827499,77.844002,55406000,0.8909051844281777,0.8794766401734597,55.54494312111465,2.4832843571428547,1018076000,0.0332405113461596,True,True
2020-10-30,83.372002,84.066002,80.078499,80.805496,99878000,1.0459543171074728,0.9127721755602624,56.07890085750394,2.6492487142857115,1117954000,-0.0309721775046722,True,True
2020-11-02,81.177002,82.912003,80.711998,81.216003,44228000,1.188258847644164,0.9678695099770428,56.66488393335077,2.7116419285714266,1162182000,-0.0820905958078113,True,False
2020-11-03,81.538002,82.949997,80.605499,82.282997,31432000,1.3713259203136945,1.0485607920443731,59.192752452749765,2.743570428571427,1193614000,-0.0428339648032659,True,True
2020-11-04,85.278999,88.501503,85.150002,87.292503,71342000,1.898745604937261,1.2185977546229507,67.64672993013906,3.0796424999999994,1264956000,-0.0368215115336622,True,True
2020-11-05,88.522499,89.591003,87.051498,88.125,39758000,2.35673804611028,1.4462258129204166,67.90967037079423,3.1816072142857146,1304714000,-0.0611306937400549,False,True
2020-11-06,87.567001,88.425003,86.834,87.986504,28622000,2.6776585051932784,1.692512351374989,72.57793106158866,3.0773575,1276092000,-0.0804417832546651,True,False
2020-11-09,89.799004,90.844498,87.877502,88.070999,53440000,2.905317628347305,1.9350734067694524,71.48870384984802,3.0987858571428566,1329532000,-0.1470171832061663,False,True
2020-11-10,86.488503,87.969002,85.806,86.886002,43022000,2.956044330210446,2.139267591457651,65.86438002734367,3.0317855714285717,1286510000,-0.1299922429817573,True,True
2020-11-11,87.419998,88.144997,87.153,87.361504,31838000,3.0000321412974102,2.3114205014256037,65.04872370794519,2.993356857142857,1318348000,-0.1486472735677208,False,False
2020-11-12,87.099998,88.249001,86.898499,87.140999,26474000,2.9827169831313824,2.4456797977667595,62.33768754497182,2.9917497857142865,1291874000,-0.1673026987317505,True,False
2020-11-13,87.400002,88.856499,86.799004,88.612999,29744000,3.0525844007149203,2.567060718356392,72.06790976427567,2.905856428571429,1321618000,-0.1416755129243075,True,True
2020-11-16,88.207001,89.717003,88.066498,88.7015,25468000,3.079596452659672,2.669567865217048,71.20101325228553,2.934428571428573,1347086000,-0.1223879539132858,False,True
2020-11-17,88.392998,88.857002,87.974503,88.083,21314000,3.0163255936117253,2.738919410895984,87.17987526081197,2.674607357142858,1325772000,-0.1521062380036811,False,True
2020-11-18,87.832001,88.25,86.928497,87.031998,20108000,2.8485397115244524,2.760843471021677,79.42042380286233,2.490643642857145,1305664000,-0.1649294768814772,True,False
2020-11-19,86.661499,88.1745,86.500999,87.928497,20106000,2.756137134829004,2.7599022037831427,76.28413459157677,2.16575085714286,1325770000,-0.1733377578228726,False,True
2020-11-20,88.099998,88.417999,86.75,86.819,27694000,2.5638261002689973,2.7206869830803138,69.66103073543948,2.1277504285714306,1298076000,-0.2419670552151007,False,False
2020-11-23,87.011002,87.2995,85.509003,86.377998,22530000,2.348758023616355,2.646301191187522,65.02973390807713,2.0881789285714296,1275546000,-0.225193730464325,True,False
2020-11-24,86.375,88.323997,86.036499,88.195,27984000,2.298436949046703,2.5767283427593584,54.32624242665376,1.8073926428571436,1303530000,-0.2175428897015893,True,True
2020-11-25,88.390503,88.518997,87.417999,88.206497,19600000,2.2337357316597064,2.508129820539428,50.424044135513874,1.7046421428571432,1323130000,-0.1588117148147218,True,False
2020-11-27,88.226997,89.850502,88.226997,89.350998,14790000,2.248887441893146,2.456281344810172,56.4268946352033,1.708428000000001,1337920000,-0.1691954136794904,False,True
2020-11-30,88.782501,89.016998,87.391998,87.720001,32418000,2.105022070231101,2.3860294898943577,48.55698921937357,1.6364282857142871,1305502000,-0.1174258505386336,True,False
2020-12-01,88.333,91.085999,88.151497,89.767998,37350000,2.131691160008927,2.335161823917272,61.063322677416885,1.715071071428573,1342852000,-0.0743002000430583,True,False
2020-12-02,89.767998,91.637001,89.258499,91.248497,29424000,2.246395453595426,2.3174085498529027,63.852435057194256,1.7950358571428586,1372276000,-0.0644849851384863,False,True
2020-12-03,91.027,92.191498,90.849998,91.092003,24728000,2.2981796898401825,2.313562777850359,64.14509306466545,1.794392857142858,1347548000,-0.1315952205730661,True,True
2020-12-04,91.011002,91.474998,90.679497,91.188004,20544000,2.3202195023984444,2.314894122759976,60.226398926957,1.7042504285714293,1368092000,-0.1148380274080161,False,True
2020-12-07,90.777496,91.4645,90.152,90.851501,22288000,2.2842023697600524,2.308755772159992,58.37358820394875,1.6801072142857143,1345804000,-0.1368096031676003,False,True
2020-12-08,90.426003,90.7985,89.564003,90.566498,19936000,2.207217740259779,2.288448165779949,59.93042181474915,1.7090357142857149,1325868000,-0.0317980951751196,False,True
2020-12-09,90.517998,91.418503,88.099998,88.892998,31728000,1.9882500933264,2.2284085512892395,57.088447985646695,1.8516787142857145,1294140000,-0.0651215347583412,False,True
2020-12-10,88.129997,88.749496,86.676498,88.3825,28688000,1.753312636688264,2.1333893683690444,51.78166282355902,1.8904643571428577,1265452000,0.0080107938755477,True,True
2020-12-11,88.0,88.865501,87.637001,88.739998,18628000,1.5777824169667696,2.022267978088589,58.01150755626493,1.859071571428572,1284080000,0.0723477612968293,False,True
2020-12-14,88.536003,89.489998,87.456497,87.612999,33050000,1.332375260011574,1.8842894344731864,54.87180304456278,1.8764290000000017,1251030000,-0.0297954591800168,True,True
2020-12-15,87.992996,88.199997,87.083504,88.054001,21352000,1.1601005785223322,1.739451663283016,49.376054795699005,1.7927857857142868,1272382000,0.0137374007815913,False,False
2020-12-16,88.455498,88.455498,87.453003,87.859497,24676000,0.9963910294521554,1.5908395365168435,48.48893868278654,1.7857498571428587,1247706000,0.0365707316872426,False,False
2020-12-17,88.196503,88.335503,86.557503,87.025497,34880000,0.7902437641754858,1.430720382048572,39.59180933259157,1.79532092857143,1212826000,0.0363752228294061,False,True
2020-12-18,87.308502,87.417999,85.75,86.310997,85256000,0.5627295960621552,1.2571222248512888,43.13015955732027,1.7745351428571436,1127570000,-0.0406276257946785,True,True
2020-12-21,85.456497,86.849998,84.699997,86.727997,33974000,0.4113298393230593,1.087963747745643,32.374764335022675,1.687678214285715,1161544000,0.054908402420426,False,True
2020-12-22,86.466499,86.630501,85.289001,86.011002,20370000,0.2308280944212413,0.9165366170807628,16.684708358771786,1.620570642857144,1141174000,0.0589240265643292,True,False
2020-12-23,86.196503,87.205498,86.059998,86.411499,22974000,0.1187273074534829,0.7569747551553068,21.124042198778525,1.6100703571428585,1164148000,0.0009909925645961,True,False
2020-12-24,86.449997,87.120499,86.217499,86.708,9312000,0.0531985392314027,0.616219511970526,23.02827212522574,1.617748857142858,1173460000,-0.01253234069349,True,False
2020-12-28,87.245499,89.349998,87.091003,88.697998,27650000,0.1599983642513507,0.524975282426691,39.187608167700034,1.7127130000000008,1201110000,-0.0018954813661572,False,False
2020-12-29,89.361504,89.4235,87.755501,87.888,19726000,0.1772348725803425,0.4554272004574213,37.22516070507058,1.7398916428571445,1181384000,0.0028965182447683,False,False
2020-12-30,88.25,88.388,86.400002,86.8125,21026000,0.1029246170252093,0.3849266837709789,39.47701125589119,1.6448554285714303,1160358000,-0.0262786068161686,True,False
2020-12-31,86.863503,87.875,86.804497,87.632004,21070000,0.1089049396868802,0.3297223349541592,46.31911180307492,1.562998500000001,1181428000,-0.0420148354497145,False,True
2021-01-04,88.0,88.124496,85.357002,86.306503,37324000,0.0066113242259433,0.265100132808516,39.09968547365603,1.672926642857144,1144104000,-0.0336778869150056,True,True
2021-01-05,86.254501,87.341499,85.845001,87.002502,20360000,-0.0180873012688209,0.2084626459930486,47.15558376327484,1.634569285714287,1164464000,-0.0239190624268518,False,True
2021-01-06,85.013,87.198502,84.805,86.143997,46588000,-0.105716682482452,0.1456267802979485,41.43419294390653,1.725784214285716,1117876000,-0.0158823745044653,True,True
2021-01-07,86.337997,88.890999,86.337997,88.717003,41936000,0.0320866078200481,0.1229187458023684,53.16949083881254,1.850391857142858,1159812000,0.0242904015558466,True,False
2021-01-08,88.858002,89.968002,88.060997,89.891502,35484000,0.2333787172271968,0.1450107400873341,60.33315683591936,1.8596065,1195296000,0.1055551332049196,False,False
2021-01-11,88.850998,89.219002,87.607002,87.814499,34796000,0.2227397748284971,0.1605565470355667,54.93582419389087,1.903642285714287,1160500000,0.0318152320530949,False,True
2021-01-12,87.267998,88.394997,85.819,86.871498,29528000,0.1366409250878746,0.1557734226460283,50.45537059704922,1.9340705714285724,1130972000,-0.0012873524065614,True,False
2021-01-13,86.365997,87.819504,86.365997,87.362503,23432000,0.1067958898200203,0.1459779160808267,54.351114003481015,1.9351070714285723,1154404000,0.0586226792383634,False,True
2021-01-14,87.443497,88.377502,86.303497,86.545998,29212000,0.0170616782589405,0.1201946685164495,50.42171883843029,1.9979291428571448,1125192000,-0.0036935271116728,False,False
2021-01-15,86.450996,87.380997,85.585503,86.380997,31444000,-0.0665998114628081,0.0828357725205979,48.96616350590655,2.061678714285716,1093748000,-0.0019242443863059,True,True
2021-01-19,87.150002,90.192001,86.641502,89.223503,41660000,0.0953650249257123,0.0853416230016208,51.57643305700968,2.1451791428571454,1135408000,0.0540892798022225,True,True
2021-01-20,91.318497,94.986,90.975502,94.003502,64152000,0.6024842326383606,0.1887701449289688,64.81645529935889,2.437643285714288,1199560000,0.1550163763170197,True,True
2021-01-21,94.682503,96.603996,93.970497,94.207497,58634000,1.0092070394486967,0.3528575238329144,68.70632943015514,2.4837505000000024,1258194000,0.0261889878903342,True,True
2021-01-22,94.572998,95.219498,93.824997,94.627998,32744000,1.349907813565622,0.552267581779456,68.06161152466052,2.506893214285717,1290938000,0.0309431665706487,True,True
2021-01-25,95.637001,96.091003,92.958,94.713997,50586000,1.608315373759055,0.7634771401753758,73.18985758893487,2.5330010000000027,1341524000,0.0518391108368397,True,True
2021-01-26,94.2995,95.787498,93.806503,95.397499,31462000,1.846967435178314,0.9801751991759636,73.17136209623088,2.5676079285714306,1372986000,0.076339936591137,False,True
2021-01-27,93.745499,94.023499,89.863998,90.946999,82512000,1.6578718430118755,1.115714527943146,61.063244879928725,2.7918935714285738,1290474000,0.0028039767485861,True,True
2021-01-28,91.550003,94.399498,91.550003,92.660004,55278000,1.6274768708813525,1.218066996530787,59.45698908251686,2.8422862142857164,1345752000,0.0082279231960505,False,False
2021-01-29,91.700996,92.376999,90.078003,91.367996,44530000,1.48205023606819,1.270863644438268,53.52140973348795,2.890500214285717,1301222000,0.0298213297513126,True,False
2021-02-01,92.2295,95.777,92.2295,94.653503,40252000,1.6133142545357089,1.3393537664577562,65.4218949017081,3.042250500000001,1341474000,0.0330424839943703,True,False
2021-02-02,95.656502,97.468498,95.318497,95.956001,66332000,1.801674060975671,1.4318178253613392,70.15863863673371,3.0593217857142867,1407806000,0.0141779741013037,True,False
2021-02-03,103.280502,105.331001,100.677498,102.944,97882000,2.4861647234460094,1.6426872049782733,76.83732682501694,3.6251427142857153,1505688000,-0.0015603252380099,False,True
2021-02-04,103.030998,103.464996,101.754997,102.681503,48596000,2.973174288362131,1.908784621655045,78.33224239616092,3.5991422857142856,1457092000,-0.0031234837622182,True,True
2021-02-05,102.977997,104.796997,102.5,104.441498,29866000,3.4612506222609625,2.219277821776229,80.03025289460498,3.6349639285714295,1486958000,-0.0199657583364541,False,True
2021-02-08,105.0,105.75,103.167503,104.225998,28828000,3.7870112756316985,2.5328245125473225,77.33341641310035,3.5472134285714287,1458130000,-0.0611562774076064,False,True
2021-02-09,103.739998,104.925499,103.5,103.769501,21892000,3.962664320003285,2.818792474038515,71.12023731138795,3.237427857142857,1436238000,-0.0485744663590554,True,False
2021-02-10,104.156998,104.944,102.612,104.323997,25102000,4.099358957958202,3.0749057708224523,71.55151845056251,3.2158922142857143,1461340000,-0.0298455438378432,True,True
2021-02-11,104.550003,104.699997,103.443001,104.4375,20480000,4.168793925496004,3.293683401757163,71.1744759191463,3.2060704285714285,1481820000,-0.0263612430545314,True,True
2021-02-12,103.988503,104.974998,103.678497,104.751503,18990000,4.200735590370385,3.475093839479808,71.45544686939839,3.0748917142857146,1500810000,0.0124105245790034,True,True
2021-02-16,104.587502,107.257004,104.587502,105.535004,31004000,4.240390984897374,3.628153268563321,71.57695574175338,3.1240707857142858,1531814000,0.00633920958598,True,False
2021-02-17,104.698997,106.122002,104.417503,105.931,20294000,4.254725906707449,3.7534677961921465,88.54503561634117,2.850570642857143,1552108000,0.0028300883613234,False,False
2021-02-18,105.25,106.099503,104.666496,105.290497,22546000,4.166375809473649,3.836049398848448,84.38833329712226,2.706321214285716,1529562000,-0.0400697164281862,False,False
2021-02-19,105.389503,105.929001,104.171501,104.440498,37938000,3.981869393584233,3.865213397795605,86.4695393397817,2.647428285714286,1491624000,-0.0141420472712625,False,True
2021-02-22,102.68,104.016502,102.400002,102.712997,29466000,3.654129308273895,3.8229965798912633,74.6249500748206,2.478249142857144,1462158000,-0.0428392630162242,True,False
2021-02-23,100.699501,103.625,99.511497,103.005997,34658000,3.3790836082926035,3.734213985571532,72.95669355694798,2.570999714285715,1496816000,-0.0207228742991656,True,True
2021-02-24,101.501999,104.416,101.376503,104.190498,22608000,3.2195739959620227,3.6312859876496297,56.525148112985946,2.1184637857142863,1519424000,-0.0207282868920501,False,True
2021-02-25,102.796501,104.150002,100.324501,100.797501,41548000,2.7872453481707,3.462477859753844,42.57213693243139,2.272463642857144,1477876000,-0.0106722877850067,True,True
2021-02-26,101.497498,102.825996,100.050499,101.095497,40042000,2.4405346030558945,3.2580892084142543,35.08911280069425,2.3066422142857155,1517918000,-0.0076849969344119,True,True
2021-03-01,102.400002,103.811501,101.721001,103.483002,26060000,2.331539009555044,3.072779168642412,47.22597031451168,2.31617842857143,1543978000,0.0097563260687038,False,False
2021-03-02,103.241997,104.737,102.833504,103.223999,25564000,2.198912148441224,2.8980057646021744,47.93284385680583,2.350321071428572,1518414000,-0.0332891338062118,False,False
2021-03-03,102.597504,103.7995,99.699997,100.570503,33892000,1.8582684920307884,2.690058310087897,37.72846955151677,2.476571285714286,1484522000,-0.0235258180869384,True,True
2021-03-04,100.7435,103.7295,100.2715,101.696503,49216000,1.6600289493498934,2.4840524379402966,41.595128075853815,2.633785857142857,1533738000,-0.0354609519160333,True,False
2021-03-05,103.057503,105.309998,101.389,104.8535,53100000,1.7376355760318063,2.334769065558598,50.26632468179139,2.821249928571428,1586838000,0.024613436070386,False,True
2021-03-08,104.203003,105.686996,100.259499,100.375,36868000,1.4213771145884948,2.152090675364578,38.705994232006894,3.01824957142857,1549970000,-0.0658445816660328,True,False
2021-03-09,102.487503,103.195999,101.779999,102.017998,33920000,1.2884636064538455,1.9793652615824315,41.87870439229662,3.0979995714285704,1583890000,-0.0930138514064116,False,True
2021-03-10,103.07,103.07,100.966499,101.809502,27100000,1.1530135860468818,1.8140949264753217,42.6433986676269,3.1458919999999986,1556790000,-0.0791812373467646,True,True
2021-03-11,102.911003,105.563499,102.822502,105.027,27702000,1.29041852634289,1.7093596464488354,51.126740572911714,3.2884989285714274,1584492000,-0.0707938476496205,False,False
2021-03-12,103.820503,103.880501,101.621002,102.5,33818000,1.1817822997788738,1.6038441771148433,49.60300249157654,3.386034785714284,1550674000,-0.0993984634216815,True,True
2021-03-15,102.249001,102.749496,101.389503,102.722,26168000,1.100910244211292,1.503257390534133,49.46926343115024,3.189355499999998,1576842000,-0.0789237358848265,True,False
2021-03-16,103.2995,105.683998,102.9645,104.194504,31900000,1.1424676679778685,1.4310994460228803,50.00740672536578,3.1838198571428555,1608742000,-0.0697215143951001,False,False
2021-03-17,103.4235,104.949997,102.206001,104.111,26382000,1.1553460408094909,1.3759487649802025,56.98063795655568,3.1036769285714265,1582360000,-0.0774010840158679,False,False
2021-03-18,102.408997,103.4375,100.959,101.067001,31700000,0.9094434663521014,1.2826477052545822,49.94619233746863,3.130569999999998,1550660000,-0.1152089804926221,True,True
2021-03-19,101.486504,101.851997,100.1465,101.348,46072000,0.7288366007076945,1.171885484345205,45.62014826738152,3.058390928571425,1596732000,-0.0471872933948775,True,True
2021-03-22,101.3815,102.417,100.699997,101.5345,33536000,0.5939071578158348,1.0562898190393308,46.52373484963737,3.0450699999999977,1630268000,-0.0218008124267316,True,True
2021-03-23,101.997498,103.205498,101.400002,102.066498,28510000,0.5238636209881236,0.9498045794290896,53.372549420976846,2.881212357142855,1658778000,-0.0688959469427599,False,False
2021-03-24,102.587997,103.379997,101.449997,101.626503,25218000,0.4279169340605619,0.845427050355384,49.83715619252194,2.7720694999999984,1633560000,-0.1273923008439496,False,False
2021-03-25,101.452499,102.281998,99.804497,101.623001,35616000,0.3475891202676138,0.74585946433783,41.19250733921599,2.6689625714285703,1597944000,-0.0572139421099051,False,True
2021-03-26,101.5895,101.969498,100.192497,101.236504,27978000,0.2498614243299215,0.6466598563362483,53.02335358719324,2.408212857142857,1569966000,-0.0358663894872753,True,False
2021-03-29,101.108002,102.460503,100.272499,102.289497,26492000,0.2544461591442228,0.5682171168978433,50.99395679365561,2.362998928571429,1596458000,-0.029061187578474,True,False
2021-03-30,102.649002,103.133499,101.807503,102.323502,27312000,0.2578511660882299,0.5061439267359207,51.90610483101902,2.307462857142858,1623770000,-0.0153698602066261,True,False
2021-03-31,102.720001,104.313004,102.349998,103.125999,42570000,0.3215972864450833,0.4692345986777532,41.41216930657612,2.181427500000001,1666340000,0.0006001949834547,True,True
2021-04-01,104.612503,106.787498,104.571503,106.488998,39880000,0.6361493261953939,0.5026175441812814,66.7548751712871,2.199677571428573,1706220000,0.0577059870845561,True,True
2021-04-05,107.357498,111.449501,107.260498,110.947998,48510000,1.231047370715487,0.6483035094881224,75.4816990182512,2.45685685714286,1754730000,0.0522650912795664,False,False
2021-04-06,110.545998,111.400002,110.0895,110.462997,35240000,1.644417013906846,0.8475262103718673,70.68333239955503,2.3388928571428598,1719490000,0.0831226321183465,True,True
2021-04-07,110.654999,112.224998,110.654999,111.9515,24134000,2.0682833039979727,1.0916776290970884,73.6751688922322,2.26875035714286,1743624000,0.1435969092286038,True,True
2021-04-08,113.199997,113.5895,112.150497,112.5215,28664000,2.422272183083635,1.357796539894398,90.66352353997368,2.1606075000000025,1772288000,0.1301128543081863,True,True
2021-04-09,112.272003,113.698502,111.862999,113.533501,26146000,2.752739080565746,1.6367850480286674,91.12418886420978,2.1698936428571463,1798434000,0.1375294970372506,False,True
2021-04-12,112.706001,112.844498,111.390999,112.231003,25024000,2.876378671692009,1.884703772761336,83.5703178780088,2.200286428571432,1773410000,0.1573318265428381,True,True
2021-04-13,112.5495,113.1735,112.152496,112.721497,25682000,2.9795957795921737,2.103682174127504,83.52740421089135,2.144251285714289,1799092000,0.1226292329992493,False,False
2021-04-14,113.371498,113.371498,111.801003,112.095497,21002000,2.976571054675304,2.2782599502370635,82.56096203095422,2.1185723571428605,1778090000,0.1086517065935817,True,False
2021-04-15,113.097504,114.800003,112.558502,114.262497,29174000,3.113146315157252,2.4452372232211013,84.64871382354589,2.134787000000004,1807264000,0.1160188111326594,False,False
2021-04-16,114.461998,114.711998,113.545998,114.137497,26282000,3.174700763510245,2.59112993127893,85.87996289463044,2.0911440714285754,1780982000,0.1640879072996388,True,True
2021-04-19,113.509003,115.204498,113.509003,114.487999,30290000,3.214708530584403,2.7158456511400244,85.30578565019826,2.05596485714286,1811272000,0.1450465023678304,False,False
2021-04-20,114.874496,114.949997,112.856003,113.9505,22288000,3.1665413790831423,2.8059847967286484,82.69869487553683,2.1108218571428594,1788984000,0.1510532689988731,False,False
2021-04-21,113.602501,114.0,112.240997,113.917503,23204000,3.090085401364675,2.8628049176558537,81.72200184203008,2.0943576428571453,1765780000,0.2006382008465985,False,False
2021-04-22,113.769997,114.444,112.015999,112.625999,24146000,2.8919433857577417,2.868632611276232,70.54157655252216,2.006250642857146,1741634000,0.2155748900856386,True,True
2021-04-23,113.349998,115.306,113.0625,114.996498,29066000,2.892846930387549,2.873475475098495,65.75353371781526,1.8433576428571457,1770700000,0.2255041685351138,True,True
2021-04-26,115.225998,116.226501,114.865997,115.496498,32038000,2.9004739590247226,2.878875171883741,69.56353598589976,1.8469292142857177,1802738000,0.2116141724624776,False,True
2021-04-27,115.8815,115.922501,114.307999,114.549004,44386000,2.797812150019382,2.862662567510869,60.53883445985419,1.836393571428575,1758352000,0.116955414282572,True,False
2021-04-28,119.625,121.569,117.661003,117.952003,81106000,2.956959517322659,2.881521957473227,67.91478130783204,2.220821857142861,1839458000,0.0118251572188854,True,True
2021-04-29,119.461502,120.208,118.692497,119.638,41234000,3.182445568431234,2.9417066796648283,69.28083621958973,2.250857142857146,1880692000,0.0409441445247019,False,False
2021-04-30,118.401001,119.092499,117.328003,117.675003,44856000,3.1662488897450203,2.9866151216808667,66.5059909713078,2.262821071428575,1835836000,-0.0444230878695982,False,False
2021-05-03,118.245499,119.077499,116.775002,117.153999,28242000,3.075915003141916,3.0044750979730765,63.41435143993044,2.354356285714289,1807594000,-0.1327747987294895,False,False
2021-05-04,115.677498,116.249496,112.834,115.341499,44818000,2.8255005335452523,2.968680185087512,59.16535878263328,2.550749428571431,1762776000,-0.0753732349535143,True,False
2021-05-05,116.431503,116.75,115.414001,115.738503,26636000,2.6287772592624634,2.9006995999225023,54.630462951552985,2.4581776428571445,1789412000,-0.120053707332937,True,False
2021-05-06,115.316498,116.8675,114.652,116.8675,25190000,2.5347542009581474,2.827510520129631,58.0569121944508,2.533141928571431,1814602000,-0.0606559438111909,True,False
2021-05-07,118.194504,118.5625,117.307999,117.596497,28898000,2.4903569307657705,2.76007980225686,58.97347118626216,2.533106571428573,1843500000,-0.1170927694805816,False,True
2021-05-10,116.406998,116.550003,114.226997,114.587502,30914000,2.1871588195806737,2.6454956057216226,51.60924240844171,2.624214142857145,1812586000,-0.1542887502586092,False,True
2021-05-11,112.153503,114.014,111.695999,113.502998,34186000,1.8381724154375971,2.484030967664818,49.00567280212323,2.705107000000002,1778400000,-0.128115508709232,False,False
2021-05-12,111.309502,112.399002,109.681,110.012497,46376000,1.2653576610185129,2.2402963063355568,44.32895006823917,2.8046782142857163,1732024000,-0.1550684606850084,True,True
2021-05-13,111.306,111.972,110.335999,111.452003,33204000,0.9169835296529244,1.9756337509990305,41.98494945728456,2.753214071428573,1765228000,-0.158597371012022,True,True
2021-05-14,112.927002,114.236,112.5,113.918999,31996000,0.8303882810941019,1.7465846570180448,46.72425693121716,2.854892142857144,1797224000,-0.1289648241778226,True,True
2021-05-17,113.178497,114.488998,112.775497,114.445999,21598000,0.7951197726096098,1.5562916801363578,49.78230405558004,2.8619635000000008,1818822000,-0.1077897922781809,False,True
2021-05-18,115.1175,115.384003,113.109497,113.123497,22204000,0.6529278212601355,1.3756189083611134,38.81124782759819,2.522999928571429,1796618000,-0.140846021115178,True,True
2021-05-19,111.421501,113.749496,111.272003,113.574997,23684000,0.570100191897879,1.2145151650684665,35.098062955601975,2.538821071428572,1820302000,-0.141727120669955,True,True
2021-05-20,114.550003,115.599998,114.176003,115.347504,32352000,0.6401064516066839,1.09963342237611,44.22528842928918,2.5184642142857143,1852654000,-0.0932830093336729,False,False
2021-05-21,115.870499,115.944504,114.464996,114.706497,40632000,0.636525538824614,1.0070118456658108,43.963497180123085,2.459679285714285,1812022000,-0.1595271029568215,True,True
2021-05-24,115.744499,118.277496,115.598,118.052002,31832000,0.8933440198207165,0.984278280496792,56.21517596392216,2.4061792857142854,1843854000,-0.1192319443279902,True,True
2021-05-25,118.599998,119.199997,117.75,118.143501,22440000,1.0916735873268235,1.0057573418627983,55.59301444240786,2.4091432857142854,1866294000,-0.0928635214194744,True,True
2021-05-26,118.325996,119.449501,118.322998,119.015503,21572000,1.3041806890786063,1.06544201130596,55.05578514468349,2.344178999999999,1887866000,0.0152940082061929,False,True
2021-05-27,119.452499,119.452499,117.813004,118.134003,35224000,1.3854933108034686,1.1294522712054618,51.25611786839155,2.340214357142856,1852642000,-0.0350457920758374,False,True
2021-05-28,118.721001,118.803497,117.642502,117.842499,21482000,1.4101568029149265,1.1855931775473547,58.71343625958901,2.182463999999999,1831160000,-0.0146416386799184,True,True
2021-06-01,118.722,119.2855,117.713997,119.058998,23354000,1.51045254399466,1.2505650508368158,64.76871804762862,2.0881782857142843,1854514000,0.0446557731934741,False,True
2021-06-02,119.457497,119.681999,117.617996,118.529503,21158000,1.5295797765329835,1.3063679959760497,76.8691847358153,1.9626072142857125,1833356000,0.0056904486683601,False,True
2021-06-03,117.286499,117.850998,116.475998,117.378998,18696000,1.4353562148290138,1.3321656397466426,69.04558804901353,1.969321642857141,1814660000,0.040262795897017,True,False
2021-06-04,118.463501,119.9515,118.120499,119.678497,24458000,1.5286128178834133,1.371455075373997,68.7087510794201,1.9542148571428557,1839118000,0.0261422094278537,True,True
2021-06-07,119.472,120.225502,119.050003,120.114998,24120000,1.619077611525654,1.4209795826043286,68.523688858174,1.9157861428571417,1863238000,0.0890412722183729,False,True
2021-06-08,120.600502,120.975998,119.738998,119.921997,24240000,1.6561074685214123,1.4680051597877457,73.98478915964441,1.8416785714285704,1838998000,0.0977744873561927,True,True
2021-06-09,120.571503,120.643997,119.845001,120.397003,17942000,1.7041386616830891,1.5152318601668142,74.02786553705509,1.7217859285714283,1856940000,0.0779513648369923,True,False
2021-06-10,120.346001,121.800003,120.189003,121.7565,25904000,1.8307994579016904,1.5783453797137896,73.24960712528896,1.6922144285714285,1882844000,0.1960084938712838,False,False
2021-06-11,122.0,122.085999,120.947998,121.510002,21958000,1.8895076548490124,1.6405778347408342,75.40799719998738,1.6678210714285715,1860886000,0.1759587269659238,True,True
2021-06-14,121.612999,122.445999,120.900002,122.445503,22098000,1.9885981150801229,1.710181890808692,70.00955594417348,1.5231780714285716,1882984000,0.1830312418310208,False,True
2021-06-15,122.449997,122.775497,121.056,121.419502,21562000,1.961724770644878,1.7604904667759294,63.7496790273557,1.5424280714285723,1861422000,0.1167156402009904,False,True
2021-06-16,121.571999,121.886002,119.470001,120.772499,26472000,1.8667015432879737,1.7817326820783383,57.51623244675527,1.6217138571428589,1834950000,0.1636116194708207,True,False
2021-06-17,120.697502,122.522499,120.5,121.7435,25842000,1.8484389629566491,1.7950739382540006,65.32368341664034,1.6490712857142873,1860792000,0.1342760253281619,False,True
2021-06-18,121.366997,121.602997,120.014999,120.111,46116000,1.682837921808655,1.7726267349649316,58.6461858807561,1.6896074285714298,1814676000,0.0119259699193328,True,True
2021-06-21,120.500504,122.0,119.898499,121.8125,27414000,1.669648069948451,1.7520310019616354,60.12055860885293,1.7274644285714302,1842090000,0.111248441333984,True,True
2021-06-22,121.75,122.400002,121.064003,122.330498,22390000,1.681608589773674,1.737946519524043,63.98245999065185,1.6754641428571446,1864480000,0.1004007412592857,False,True
2021-06-23,122.093498,123.095497,121.834503,122.126999,19148000,1.65558219830028,1.7214736552792909,68.77421558947583,1.6188562142857157,1845332000,0.1010644350655969,True,True
2021-06-24,122.699997,123.055496,122.300003,122.5,21362000,1.646079182777811,1.7063947607789949,63.16182841509551,1.5014272857142876,1866694000,0.0705494995365337,True,False
2021-06-25,122.0,122.633003,121.565002,122.508499,34594000,1.6205530460262736,1.6892264178284508,61.62965763099089,1.4937488571428583,1901288000,0.1684541474521301,True,False
2021-06-28,122.678497,122.785004,121.405502,122.536003,28526000,1.5842801463374627,1.6682371635302533,62.90866140550204,1.5039275714285725,1929814000,0.2310300179712216,False,False
2021-06-29,122.670502,123.021004,121.691002,122.272499,23108000,1.5167864711244192,1.6379470250490866,59.459297245596034,1.5418565714285728,1906706000,0.1918699758669176,False,True
2021-06-30,121.994499,122.257004,121.3545,122.0895,24474000,1.4320232843207634,1.5967622769034222,51.90568670647892,1.4923565000000008,1882232000,0.2262876253011666,True,True
2021-07-01,121.724998,122.586998,121.531502,122.444504,18110000,1.3776134338697972,1.5529325082966974,55.282349900751925,1.4864632857142854,1900342000,0.2412774587326845,True,True
2021-07-02,123.150002,125.403999,123.059502,125.2575,25982000,1.5436838765777878,1.5510827819529156,63.11197724444693,1.5874274285714287,1926324000,0.2516544906069406,True,False
2021-07-06,125.648499,126.428001,124.582497,126.190002,26404000,1.7305918316729103,1.5869845918969148,72.43988669280152,1.5964279285714278,1952728000,0.2505304319365302,True,False
2021-07-07,127.162003,127.283997,126.153,126.473999,24060000,1.8799628753323527,1.6455802485840023,77.7674854069117,1.5046419285714268,1976788000,0.2638589733692593,False,False
2021-07-08,124.026001,125.595497,124.022003,125.043999,23790000,1.8614933183665985,1.6887628625405218,65.38622011480487,1.5353202857142847,1952998000,0.2613484440920972,True,False
2021-07-09,125.025002,125.734497,124.551498,125.518501,18632000,1.863661280078702,1.723742546048158,78.25972393011548,1.4963558571428572,1971630000,0.2398835992767505,True,False
2021-07-12,126.178001,127.069504,125.611,126.975502,17668000,1.9603495203935493,1.7710639409172364,77.68957780355389,1.457034571428571,1989298000,0.2734136692095981,True,True
2021-07-13,127.038498,128.057495,126.6745,127.341499,19240000,2.0429585916329103,1.8254428710603716,77.31980300959376,1.460391428571428,2008538000,0.2289919493347282,True,True
2021-07-14,127.958,129.326508,127.914497,128.237,23742000,2.155835196260512,1.8915213361003995,80.97433166173359,1.5121067857142845,2032280000,0.227080183004807,False,False
2021-07-15,128.649002,128.699997,126.529999,127.004997,24218000,2.121423918447249,1.9375018525697696,71.00817579988978,1.6007854285714262,2008062000,0.196413163677845,False,True
2021-07-16,127.663002,127.811501,126.153503,126.970001,20424000,2.0674960407480256,1.9635006902054208,70.75405642421374,1.64292807142857,1987638000,0.1858311248816156,False,False
2021-07-19,126.0895,126.205002,123.504997,124.578003,27968000,1.8108689908041955,1.932974350325176,57.78616639975598,1.791892499999998,1959670000,0.2668365359621569,True,True
2021-07-20,125.527496,127.042999,124.350502,126.209503,26312000,1.7193193762806374,1.8902433555162683,63.593692036100286,1.889213571428568,1985982000,0.2408736547969576,True,True
2021-07-21,126.133499,127.596001,126.023499,127.549004,20746000,1.7348538677361915,1.859165457960253,67.45644987452594,1.9359637857142824,2006728000,0.2405354938561784,True,False
2021-07-22,127.844002,128.483002,127.499001,128.421494,14302000,1.7968546930334384,1.8467033049748904,68.49890411528726,1.9308569999999967,2021030000,0.2921779417936888,True,True
2021-07-23,130.430496,133.399002,129.800507,133.014999,41506000,2.1913873089440017,1.915640105768713,71.62611030541505,2.0750007857142827,2062536000,0.3682702615424334,True,True
2021-07-26,133.328506,134.237,132.301498,134.035004,30572000,2.5568889047834062,2.043889865571652,71.76386767216722,2.0814292142857105,2093108000,0.366485458996476,False,True
2021-07-27,134.250504,134.399002,130.104004,131.899994,54710000,2.643798030813912,2.163871498620104,63.65098254710459,2.307429285714282,2038398000,0.2937946417628199,True,False
2021-07-28,136.311996,138.296997,135.277496,136.093994,95130000,3.016324576498036,2.3343621141956903,74.40584549639505,2.589215499999997,2133528000,0.1866299202182569,False,False
2021-07-29,136.149994,136.660995,135.542999,135.777496,31716000,3.2485683307918976,2.517203357514932,72.81804430203644,2.5845724285714247,2101812000,0.1265645883077753,False,False
2021-07-30,135.035004,135.304504,134.255005,134.726501,25576000,3.3096649094461554,2.6756956679011763,67.55685274788681,2.582535857142854,2076236000,0.0982859247923863,True,False
2021-08-02,135.117004,135.336502,133.794006,134.854507,21634000,3.33002692509325,2.806561919339591,67.20325436773979,2.593928785714283,2097870000,0.0741610303118449,True,False
2021-08-03,135.134995,135.731995,133.319504,135.630005,20762000,3.3698941347872164,2.9192283624291164,67.02201901316568,2.6244632142857136,2118632000,0.073871272679789,False,True
2021-08-04,135.349503,135.649506,134.487,135.125504,19676000,3.32248068215668,2.999878826374629,69.34513147507471,2.5524995,2098956000,0.0957698304302344,True,True
2021-08-05,135.680496,136.350006,134.845993,136.251495,17870000,3.337293006367446,3.0673616623731927,71.01835376873154,2.541500571428572,2116826000,0.1114623643860258,False,True
2021-08-06,136.042007,136.472504,135.210007,135.738495,20488000,3.2699431976281232,3.10787796942418,77.62429642830624,2.384178642857144,2096338000,0.0846969396302361,True,False
2021-08-09,135.942505,137.184006,135.339493,136.912994,17760000,3.2736041714348687,3.1410232098263178,77.10636802524213,2.3236083571428594,2114098000,0.0797221820141253,False,False
2021-08-10,137.341995,137.772507,136.364502,136.807007,19414000,3.2307116218938745,3.158960892239829,75.00813209735179,2.3118585714285738,2094684000,0.0683328852601055,False,False
2021-08-11,137.181503,137.682495,136.2715,136.279007,15352000,3.1181694634569794,3.1508026064832597,71.62757744834373,2.3423581428571447,2079332000,0.0652971025450022,True,False
2021-08-12,135.975494,137.300003,135.425507,137.194,16506000,3.0674516075482643,3.1341324066962604,64.42329641720434,2.12071442857143,2095838000,0.1167963627312596,True,False
2021-08-13,137.25,137.856506,137.033005,137.727493,15948000,3.035316528331464,3.1143692310233013,63.187017065354524,2.041285785714288,2111786000,0.1380651649648988,True,False
2021-08-16,137.524994,138.362503,135.298996,138.309494,22384000,3.0219764004170884,3.095890664902059,75.74621236039928,1.9533221428571463,2134170000,0.1893428831673726,False,False
2021-08-17,137.75,138.265503,136.082001,136.661499,21716000,2.845622267146098,3.0458369853508667,52.86576510911466,1.6555000000000035,2112454000,0.1537751768008763,False,True
2021-08-18,136.5,137.104507,135.321503,135.449005,19258000,2.578301162536121,2.952329820787918,48.47884959536284,1.703000571428575,2093196000,0.0877929259870107,True,False
2021-08-19,134.435501,136.352493,134.25,135.679993,21782000,2.3579055943939693,2.833444975509128,54.77823683535839,1.7444292857142898,2114978000,0.0781104814393433,True,True
2021-08-20,136.0,137.554001,135.25,137.429504,31194000,2.2979224159989258,2.726340463607088,61.10012879612992,1.798822500000004,2146172000,0.070659748888751,True,False
2021-08-23,137.969498,140.874496,137.607498,140.041504,28454000,2.4331045706352654,2.6676932850127235,66.41738093981644,1.8725725714285733,2174626000,0.0518685735733541,True,False
2021-08-24,140.611496,142.080002,140.338501,141.261505,19268000,2.608610844830281,2.655876796976236,71.68052215281897,1.9351434285714304,2193894000,0.0756780456689487,True,False
2021-08-25,141.625,142.189499,141.376007,142.078995,15848000,2.781600879087563,2.6810216133985008,71.04937766806053,1.893999214285716,2209742000,0.2205517026978156,False,False
2021-08-26,141.75,142.417496,141.356995,141.440506,20610000,2.8345016309519906,2.711717616909199,70.41106488064351,1.8795709285714293,2189132000,0.2290490950334856,True,False
2021-08-27,141.652496,144.512497,141.496994,144.003998,28780000,3.0481411643961565,2.7790023264065904,73.08730375477296,1.9672479285714288,2217912000,0.2795319228002838,True,False
2021-08-30,144.399994,145.970505,144.162994,144.5905,24434000,3.2275723981271085,2.8687163407506944,74.5730641342555,2.007140928571429,2242346000,0.2273831108674151,True,False
2021-08-31,145.147003,145.171494,144.281006,144.697495,22448000,3.3399061863991903,2.9629543098803937,77.30359867684145,1.969961857142859,2264794000,0.1776690031286158,True,False
2021-09-01,145.0,146.253998,144.883499,145.2155,21936000,3.431177716397002,3.056598991183716,76.70369685826174,1.9472480714285727,2286730000,0.1452864659674357,False,True
2021-09-02,145.216003,145.519501,143.184998,143.287003,32342000,3.3097447929890507,3.107228151544783,66.93479407790448,2.055176785714287,2254388000,0.0371310549780258,True,True
2021-09-03,143.080505,144.154999,142.400497,143.739502,19850000,3.212983935128221,3.128379308261471,66.67185141036286,1.9616764285714283,2274238000,0.0688511663478037,True,True
2021-09-07,143.834503,144.565002,143.619003,144.280502,20124000,3.1437156398227444,3.131446574573725,75.09889831725124,1.8701411428571424,2294362000,0.0581483883906966,False,False
2021-09-08,144.100006,144.399994,143.0,143.690994,18344000,3.006593509428683,3.1064759615447173,78.31330135389422,1.8427832857142843,2276018000,0.0742680769860954,False,True
2021-09-09,143.8405,144.310501,143.177505,143.541,15314000,2.852933133656393,3.0557673959670524,77.15564540873096,1.7735334999999972,2260704000,0.0964968214497831,False,False
2021-09-10,144.212494,144.718506,140.738007,140.876007,36840000,2.487439857667738,2.9421018883071897,61.19760498496854,1.893283357142853,2223864000,-0.0148838216585916,True,True
2021-09-13,141.949493,142.949997,141.25,142.332504,22094000,2.288925628814326,2.811466636408617,58.04765391392781,1.7953546428571403,2245958000,-0.0252852192543527,True,True
2021-09-14,142.995499,143.363007,141.75,142.544495,19674000,2.124220878244728,2.674017484775839,54.850274672099246,1.7649624285714265,2265632000,-0.0730157122721841,True,True
2021-09-15,142.7715,144.4505,141.347504,144.429504,27408000,2.121342137732966,2.5634824153672646,58.22231702852306,1.920319714285713,2293040000,0.0077605845564713,False,True
2021-09-16,143.9505,144.300003,142.401505,143.610001,26190000,2.0295384163891868,2.456693615571649,57.49420445701524,1.9894267142857152,2266850000,0.057667384688455,False,True
2021-09-17,143.030502,143.449997,140.470001,140.800003,53384000,1.7103243963461807,2.3074197717265554,39.11759744979132,1.9942845000000025,2213466000,-0.043872851859322,False,True
2021-09-20,138.161499,139.0,136.322006,138.719498,46518000,1.2747708547586851,2.100889988332981,31.89637936344603,2.1736766428571457,2166948000,-0.0253629620440581,True,False
2021-09-21,139.749496,140.011505,138.278,139.033005,25332000,0.9440070047427582,1.869513391614937,32.75283034333157,2.233892142857146,2192280000,-0.0588213573316753,True,True
2021-09-22,139.304001,140.886993,138.551498,140.283493,25056000,0.7738576521121274,1.650382243714375,35.62431455447484,2.289534428571431,2217336000,-0.0372127174473575,True,True
2021-09-23,140.987503,141.696503,140.401505,141.216003,20952000,0.7061191262378372,1.4615296202190675,43.59141062118948,2.223713500000005,2238288000,-0.04848709289857,True,True
2021-09-24,140.538498,142.330505,140.240997,142.214996,22984000,0.7246924392852065,1.3141621840322952,45.43683927967667,2.247642500000004,2261272000,0.0230633757963736,False,True
2021-09-27,140.804504,141.938507,140.067505,141.072006,21882000,0.6398068875213312,1.1792911247301026,40.73036548262887,2.333463357142861,2239390000,-0.0100096726083729,False,True
2021-09-28,138.654999,139.096497,135.360001,135.830002,45772000,0.1478443055123364,0.9730017608865492,32.10073672814168,2.6414641428571457,2193618000,-0.0488887709260355,False,False
2021-09-29,136.979996,137.151001,133.865005,134.3535,30848000,-0.3570649345860204,0.7069884217920354,30.272049246118584,2.795249857142861,2162770000,-0.0847322989440752,False,True
2021-09-30,134.261505,135.542496,133.556,133.675995,37996000,-0.8026259638985493,0.4050655446539184,33.096977829188006,2.6528210714285763,2124774000,-0.1211827213636765,True,False
2021-10-01,134.447495,136.910507,134.072998,136.542999,35360000,-0.91385863399924,0.1412807089232867,37.2525646663989,2.735715500000004,2160134000,-0.0231240838948329,False,True
2021-10-04,135.960495,135.960495,131.050003,133.6595,51202000,-1.220615106197812,-0.131098454100933,32.49608146440568,3.012857571428575,2108932000,-0.0339095391577212,True,False
2021-10-05,134.041,137.224503,134.041,136.022995,32404000,-1.258500318248565,-0.3565788269304594,33.74517465299523,3.045858071428573,2141336000,-0.0333556220238337,True,True
2021-10-06,134.75,137.75,134.550003,137.565002,24364000,-1.1508314750604427,-0.5154293565564562,38.62910084632985,3.1295722142857136,2165700000,0.0020121253649526,True,True
2021-10-07,138.891998,140.042007,138.651001,139.225006,25110000,-0.9209386836730288,-0.5965312219797707,46.903393112968025,3.0822154285714283,2190810000,0.0037251179386545,True,True
2021-10-08,139.576996,140.330994,139.217499,139.785507,26526000,-0.6856158906068401,-0.6143481557051846,52.229117558359846,2.841893857142856,2217336000,0.0598561419353787,False,False
2021-10-11,139.292007,140.712006,138.858994,138.914001,17954000,-0.5629547405908397,-0.6040694726823157,49.75682708510294,2.85043007142857,2199382000,0.0230865128818685,False,True
2021-10-12,139.479996,139.507004,135.759995,136.449005,36332000,-0.6570751188906456,-0.6146706019239817,42.53511863406866,2.9512524999999994,2163050000,-0.0133133197173685,True,True
2021-10-13,137.402496,138.0,136.518997,137.582001,19654000,-0.6329466731837954,-0.6183258161759444,42.98021611959385,2.96110857142857,2182704000,-0.0430033828842556,True,False
2021-10-14,139.473999,141.337494,138.824997,141.151001,31894000,-0.3221230000723096,-0.5590852529552175,48.1303249745932,3.080107499999999,2214598000,-0.0109351348471532,True,True
2021-10-15,141.614502,141.718002,140.755005,141.367996,30274000,-0.0576191194285797,-0.4587920262498899,50.53761597186056,2.995500785714285,2244872000,0.0705479192019041,True,False
2021-10-18,141.076508,142.796005,141.069504,142.778,20396000,0.2627488453997273,-0.3144838519199665,64.66068934631788,2.71082192857143,2265268000,0.0448569413865052,True,False
2021-10-19,143.387497,143.662506,142.600006,143.237,20164000,0.5473704834230659,-0.14211298485136,69.5857206151797,2.5520007857142866,2285432000,0.0578721427381784,False,False
2021-10-20,143.337997,143.546005,141.376495,141.768997,23288000,0.6470211515789686,0.0157138424347056,67.24189047599371,2.565073214285716,2262144000,0.0111772944521711,True,True
2021-10-21,141.768997,142.156006,140.5,141.886002,26292000,0.7270553086631821,0.1579821356804009,62.89396245795709,2.452322785714287,2288436000,0.0322811538814534,False,False
2021-10-22,139.149994,140.582993,136.056,137.566498,50588000,0.4368987843426737,0.2137654654128555,58.81741182222572,2.476394642857142,2237848000,-0.0304561319288039,False,True
2021-10-25,137.550003,138.0,135.423996,137.447006,34412000,0.1950571452386782,0.21002380137802,53.57593810018602,2.405751857142858,2203436000,-0.0008101344703931,True,True
2021-10-26,139.263504,140.082993,138.304504,139.308502,49236000,0.1518526115219742,0.1983895634068109,54.30908733752631,2.36546542857143,2252672000,0.0642449722345614,True,False
2021-10-27,139.404999,148.649994,139.404999,146.217499,85782000,0.6674174513562434,0.2921951409966974,63.72180453341012,2.855785928571428,2338454000,0.1507962243350148,False,False
2021-10-28,147.134506,147.158005,144.626999,145.848999,36206000,1.0343481099003782,0.4406257347774336,61.98911208837064,2.957036714285713,2302248000,0.1986692133439716,True,True
2021-10-29,145.078003,148.242004,144.649506,148.046005,43320000,1.4853016901284093,0.6495609258476288,67.15703990313902,3.0812857142857126,2345568000,0.214442823528487,False,True
2021-11-01,148.046005,148.046005,143.225494,143.496994,46924000,1.4588023163454693,0.811409203947197,62.28000625431034,3.1579644285714283,2298644000,0.1499348194823713,True,False
2021-11-02,144.579498,146.608994,144.335495,145.432495,33482000,1.5758151110586311,0.964290385369484,63.306141246937145,3.269464785714285,2332126000,0.1363364507334346,True,False
2021-11-03,145.900497,146.669006,144.591003,146.598007,27494000,1.7425091113488804,1.1199341305653632,60.05130051174292,3.1496440714285705,2359620000,0.1416500450993211,True,False
2021-11-04,147.124496,149.733505,146.307999,148.267502,38412000,1.9864312584554968,1.29323355614339,62.08382177069317,3.3255375714285718,2398032000,0.1531527474868797,True,False
2021-11-05,149.169495,150.327499,148.197006,148.852005,38354000,2.201527980451232,1.4748924410049584,60.95480201024238,3.3543941428571418,2436386000,0.1290571970136423,True,True
2021-11-08,149.824997,150.615005,148.430496,149.031006,23052000,2.3592416973373247,1.6517622922714317,60.5564269771125,3.434537642857141,2459438000,0.1372352812570599,False,True
2021-11-09,149.233002,149.834503,147.244995,148.918503,19530000,2.4469460316801417,1.8107990401531735,63.70292069857442,3.4645375,2439908000,0.1815846263668363,False,False
2021-11-10,147.5,148.070007,144.537506,145.893494,29970000,2.246463569621909,1.8979319460469208,56.91053414095208,3.659179714285713,2409938000,0.1570534616035345,False,False
2021-11-11,146.489502,147.535507,145.600494,145.766495,16518000,2.053658716788533,1.9290773001952437,66.53023572729532,3.3809662142857144,2393420000,0.1016568261510912,True,False
2021-11-12,146.615494,148.850006,145.410995,148.677994,22360000,2.111453596001297,1.9655525593564545,70.34965569164768,3.4426095714285703,2415780000,0.1201178219365954,False,True
2021-11-15,148.900497,149.5495,147.574997,148.451996,23508000,2.114644004546875,1.9953708483945385,67.61105187789579,3.395360714285713,2392272000,0.0867748782812729,False,True
2021-11-16,148.149506,148.762497,147.3125,147.876007,18904000,2.0470972647515566,2.005716131665942,54.22516954859963,2.8316824999999994,2373368000,0.0749734000474629,True,False
2021-11-17,148.027496,148.559494,147.240005,148.046997,19594000,1.9844875140315708,2.001470408139068,55.65648306635808,2.745145571428572,2392962000,0.1035018691784742,True,True
2021-11-18,148.241501,150.580505,147.884506,149.838501,35608000,2.055731048207861,2.0123225361528263,54.71126417548302,2.6811099285714284,2428570000,0.0996432381548901,False,True
2021-11-19,149.975494,150.966507,148.899002,148.926498,33682000,2.0153691214433422,2.012931853210929,67.64371976327826,2.484466642857143,2394888000,0.0785410623154594,False,True
2021-11-22,149.332504,149.829498,146.147507,146.302002,30594000,1.7514178555002502,1.9606290536687936,52.70444759388834,2.525180285714287,2364294000,0.0081142116076396,False,False
2021-11-23,146.153,146.660004,144.115005,145.781998,27218000,1.48317745220578,1.8651387333761915,47.35577002530072,2.558537142857144,2337076000,0.0115928958909774,True,False
2021-11-24,145.473495,146.249496,144.373001,146.119995,18040000,1.2830780085738809,1.7487265884157297,42.38391402770293,2.4478935,2355116000,-0.0301141342260956,False,True
2021-11-26,144.348495,144.557495,141.842499,142.182999,30470000,0.7976206096192868,1.5585053926564412,30.892182150374623,2.601250857142856,2324646000,-0.0678161632334399,True,True
2021-11-29,144.0,146.297501,143.893494,145.530502,32596000,0.675224076425593,1.3818491294102715,41.51166202461855,2.7391075000000007,2357242000,-0.1164183256203453,False,False
2021-11-30,145.008499,146.0,141.601501,141.897507,42068000,0.2818229284655444,1.1618438892213263,35.45774392043879,2.868321142857141,2315174000,-0.1081058263026042,False,True
2021-12-01,144.0,145.9505,140.912003,141.051498,34020000,-0.0970968988930565,0.9100557315984498,38.97591191505013,2.915285428571429,2281154000,-0.1631018168698697,True,False
2021-12-02,141.25,143.864502,140.214493,142.966003,29194000,-0.2401408445570325,0.6800164163673533,44.10385200102007,3.037785142857142,2310348000,-0.1817590798896246,False,False
2021-12-03,143.681,144.399994,140.300995,142.001495,41230000,-0.4264164732731501,0.4587298384392526,34.68798037125619,3.084927142857142,2269118000,-0.2030164947049998,True,True
2021-12-06,143.040497,143.852493,140.149994,143.154999,30618000,-0.4754820573296854,0.2718874592854651,38.34749372860748,3.208355428571429,2299736000,-0.1452428228203377,True,False
2021-12-07,145.596497,147.531006,145.227493,147.269501,32240000,-0.1802827735297398,0.1814534127224241,48.84552083265126,3.4173561428571424,2331976000,-0.080744336241122,True,True
2021-12-08,147.596497,148.393005,146.406006,148.186493,24270000,0.1262035801429135,0.170403446206522,50.25819665546711,3.465035428571428,2356246000,-0.0564825336339235,False,True
2021-12-09,147.591003,149.100006,147.115005,147.638504,23270000,0.3211757765514562,0.2005579122755088,45.73147702000657,3.414249857142857,2332976000,-0.0642796236010123,True,True
2021-12-10,148.699997,148.977493,146.703995,148.001495,24458000,0.4992281950874826,0.2602919688379036,48.16620409562812,3.4289636428571435,2357434000,-0.0335222241576642,False,False
2021-12-13,147.781494,147.970001,145.517502,145.826508,27070000,0.45953550653212,0.3001406763767469,49.040239094294,3.3433923571428568,2330364000,-0.1030179956091701,False,True
2021-12-14,143.968002,144.479996,141.214996,143.906998,38446000,0.2700770695553274,0.294127955012463,46.4177890418199,3.491000428571428,2291918000,-0.0539675655939365,True,True
2021-12-15,143.408997,146.720993,141.677994,146.440994,36370000,0.3207053019005172,0.2994434243900739,50.565796783422925,3.7171792857142822,2328288000,0.0073765993425587,False,True
2021-12-16,147.170502,147.677002,143.606995,144.445007,33650000,0.197492500439921,0.2790532396000433,54.27989457949297,3.702358642857139,2294638000,-0.0314481468198846,False,True
2021-12-17,142.5,143.834503,141.300003,141.725006,50416000,-0.1182725092564851,0.1995880898287376,42.62457208712637,3.6331087857142808,2244222000,-0.1080979252177887,False,False
2021-12-20,140.0,141.774506,139.320999,141.606995,27192000,-0.3737328956652561,0.0849238927299388,49.34814525479224,3.4941807857142817,2217030000,-0.0203794031970515,True,False
2021-12-21,142.053497,143.869003,140.502502,143.472504,28756000,-0.4208053249523118,-0.0162219508065112,55.1946247932454,3.374752499999996,2245786000,0.058740473310002,True,True
2021-12-22,143.067505,146.5,143.067505,146.414993,26322000,-0.2181614638529367,-0.0566098534157963,57.08765238188556,3.359215785714281,2272108000,0.0851127738160522,True,True
2021-12-23,146.5,148.2435,146.451996,146.916504,26384000,-0.0169021599847383,-0.0486683147295847,60.29624041482524,3.1970377857142824,2298492000,0.0397911458396122,True,False
2021-12-27,147.255997,148.343994,147.169495,147.906494,15976000,0.2199458092565294,0.005054510067638,60.02236287551735,3.034537142857139,2314468000,0.083787703497067,False,True
2021-12-28,148.235992,148.298996,146.054504,146.686996,18200000,0.3057220608357909,0.0651880202212686,48.600384219466335,2.8822860714285667,2296268000,0.0534134610076799,False,True
2021-12-29,146.644501,147.417007,145.647507,146.654999,17788000,0.3668891974197095,0.1255282556609568,46.15675019847456,2.8667504285714256,2278480000,0.1219790409610785,False,True
2021-12-30,146.694,147.300003,145.994507,146.2005,15688000,0.3743747637185777,0.175297557272481,46.3743488974017,2.8182143571428537,2262792000,0.1636241209139444,False,False
2021-12-31,146.050003,146.698502,144.852005,144.852005,18136000,0.2684008938533679,0.1939182245886584,42.4351043019761,2.787714285714281,2244656000,0.1076514895875545,True,False
2022-01-03,145.054993,145.850998,143.712997,144.991501,28646000,0.1934421195275888,0.1938230035764445,47.77698874111479,2.763000571428567,2273302000,0.1333726027034294,False,True
2022-01-04,145.395996,146.485001,143.716507,144.399506,28400000,0.0852845941210489,0.1721153216853654,51.41091681805013,2.631356428571426,2244902000,0.0721305729001748,False,False
2022-01-05,144.419998,144.499496,137.688004,137.774994,54618000,-0.5288772117572478,0.0319168149968427,29.88766240608172,2.7576773571428554,2190284000,-0.0692685484285158,False,False
2022-01-06,136.998505,139.940002,136.558502,137.747498,37348000,-1.0062244361717774,-0.1757114352368812,32.89313340109493,2.7084982857142847,2152936000,-0.1202147991600645,False,True
2022-01-07,138.145493,138.448502,135.766495,137.016998,29760000,-1.4270209859419083,-0.4259733453778866,36.614328058037984,2.67542707142857,2123176000,-0.1034781554579242,True,True
2022-01-10,135.078003,138.819504,133.164505,138.669495,44408000,-1.6086194225317172,-0.6625025608086528,42.31844758741464,2.9041050714285706,2167584000,-0.0361165592531875,True,False
2022-01-11,138.007004,140.216003,136.692505,139.735992,28730000,-1.6474888708851836,-0.859499822823959,39.80291539893748,2.915319142857141,2196314000,0.0319738887536372,True,True
2022-01-12,141.149994,142.608002,140.694504,141.430496,26108000,-1.5239932321776737,-0.992398504694702,35.40281490242738,2.8752844999999985,2222422000,-0.019605569925914,False,False
2022-01-13,141.539993,142.850006,138.408997,138.587006,31436000,-1.6367010567552427,-1.1212590151068105,28.549322483426398,3.0618917857142844,2190986000,-0.1239387436635018,True,False
2022-01-14,137.078995,140.742004,136.998505,139.480499,29662000,-1.6350772491535397,-1.224022661916156,28.192430972895124,3.2273209999999994,2220648000,-0.074331444381604,False,True
2022-01-18,136.175003,137.1315,135.438507,135.998001,34872000,-1.892977784517996,-1.357813686436524,25.23628404804033,3.3557138571428595,2185776000,-0.0382160017434112,False,False
2022-01-19,136.523499,137.959503,135.015503,135.116501,28648000,-2.1437833004357856,-1.5150076092363762,24.28055992045465,3.4396067142857163,2157128000,-0.126138357739611,False,False
2022-01-20,136.25,137.626007,132.964493,133.307495,29908000,-2.460160940537349,-1.7040382754965708,22.89788870998333,3.679322285714286,2127220000,-0.2090464861007278,False,True
2022-01-21,132.593506,134.865494,130.086502,130.351501,55652000,-2.9158049270495496,-1.9463916058071669,21.44836953803656,3.888786214285716,2071568000,-0.322921677774509,True,True
2022-01-24,125.977997,131.203003,124.5,130.804001,76622000,-3.203465544094172,-2.197806393464568,22.40481992051653,4.214857785714287,2148190000,-0.1747135914993285,False,False
2022-01-25,128.740005,129.399002,126.500504,126.934998,46960000,-3.700972357515525,-2.49843958627476,19.8716269158752,4.324500857142858,2101230000,-0.2209901998303147,True,False
2022-01-26,131.119003,133.0,127.141998,129.233002,49130000,-3.865264016378205,-2.771804472295449,32.67835049723443,4.271180142857145,2150360000,-0.2199775348288488,False,True
2022-01-27,131.304001,132.652496,128.932495,129.005005,31950000,-3.96812175461676,-3.011067928759711,32.4147662094348,4.29535878571429,2118410000,-0.2613393488900752,True,False
2022-01-28,129.658997,133.356506,128.485001,133.350998,34362000,-3.656798640648475,-3.140214071137464,43.56231677363126,4.451751500000003,2152772000,-0.1943891158739054,True,False
2022-01-31,134.162003,135.473007,132.209503,135.303497,39986000,-3.2154566950534047,-3.1552625959206524,44.15076534656923,4.280930428571431,2192758000,-0.1185091459191133,True,True
2022-02-01,137.594498,137.792999,134.3685,137.643997,68644000,-2.646326034600804,-3.0534752836566827,46.51879335231716,4.273859071428574,2261402000,-0.0419528085145806,True,True
2022-02-02,151.25,151.546494,145.522507,148.0,123200000,-1.344148485418856,-2.711609924009118,58.48587182963527,5.061751000000002,2384602000,-0.0458313063349756,False,True
2022-02-03,145.705505,149.675003,142.665497,143.089996,71518000,-0.7002872091604218,-2.3093453810393787,55.5217543379651,5.245215071428574,2313084000,-0.0554712502533685,True,True
2022-02-04,143.444504,144.875,140.514999,143.292999,57998000,-0.1716630387680879,-1.8818089125851207,54.7555783651458,5.289250928571431,2371082000,-0.0255224072324719,False,False
2022-02-07,144.25,144.25,138.899994,139.201004,54974000,-0.0819694803265917,-1.521841026133415,53.93547319173657,5.382680500000001,2316108000,-0.0733432330940168,True,False
2022-02-08,139.026505,140.0,137.014008,139.399002,54284000,0.0050320880287415,-1.2164664033009838,55.35172155688436,5.385679928571429,2370392000,-0.0824700614049311,True,False
2022-02-09,140.963501,142.524506,140.186996,141.591995,40144000,0.2480779767626586,-0.9235575272882554,60.25449364549412,5.275964928571431,2410536000,-0.0944839620319871,False,False
2022-02-10,139.703506,141.484497,137.957001,138.619995,39330000,0.1985888243260944,-0.6991282569653854,60.230627729056096,5.194250785714288,2371206000,-0.1117688972686634,False,False
2022-02-11,138.600006,139.156494,133.399994,134.282501,39958000,-0.1884587660367458,-0.5969943587796576,53.9264723272254,5.126643428571432,2331248000,-0.1096236227159874,True,False
2022-02-14,133.2565,136.300003,133.2565,135.526001,34302000,-0.3903569206966608,-0.5556668711630582,60.308383135169535,5.036643857142862,2365550000,-0.1020250612619741,True,False
2022-02-15,137.570496,138.108505,135.821503,136.608505,26680000,-0.4577371282427975,-0.5360809225790062,59.11580429788217,4.787894000000004,2392230000,-0.0993666683474068,True,False
2022-02-16,136.6465,138.085999,134.923996,137.738007,25022000,-0.4152087879641897,-0.5119064956560428,60.55832833687833,4.748037000000003,2417252000,-0.0535587316897234,False,True
2022-02-17,136.242996,137.113495,132.4785,132.539001,38950000,-0.7918926605326533,-0.567903728631365,49.03812340879616,4.775751428571433,2378302000,-0.0653866507440572,False,True
2022-02-18,133.466995,134.070007,130.196503,130.403,45620000,-1.2483841770973072,-0.7039998183245535,44.22009004752563,4.819322857142863,2332682000,-0.0573155368607182,False,False
2022-02-22,129.837997,132.180496,128.223495,129.813507,44990000,-1.6388327080001377,-0.8909663962596703,40.36638562714322,4.857358714285719,2287692000,-0.1380457799983686,False,False
2022-02-23,131.648499,132.050995,127.527496,127.587997,32786000,-2.1035970816932377,-1.133492533346384,18.60754649741196,4.187430285714292,2254906000,-0.1390779906805583,True,False
2022-02-24,124.953499,133.0,124.953499,132.690994,54456000,-2.036679413427805,-1.3141299093626682,34.10132816797062,4.261501357142863,2309362000,-0.0712364442841462,True,True
2022-02-25,133.552002,135.2715,131.751495,134.459503,36406000,-1.8199633780240845,-1.4152966030949514,37.11172400462663,4.2015016428571474,2345768000,-0.0186928046148131,True,False
2022-02-28,133.050003,135.751495,132.592499,135.057007,38864000,-1.581767152245959,-1.448590712925153,43.26726966888816,4.045000928571433,2384632000,-0.0315262552808922,False,True
2022-03-01,134.878494,136.255493,133.218506,134.061493,26496000,-1.456534563362851,-1.4501794830126926,41.54722553566906,4.048643428571433,2358136000,-0.0818543246702753,True,True
2022-03-02,134.628006,135.262497,133.071503,134.571503,23520000,-1.301134619783653,-1.4203705103668849,38.2559399367217,3.981892714285717,2381656000,-0.1452734311519825,False,False
2022-03-03,136.009995,136.439499,133.025497,133.899506,24604000,-1.2181613805716154,-1.379928684407831,41.44514763765011,3.966107571428575,2357052000,-0.1507821461669047,False,True
2022-03-04,132.927505,133.851501,130.337494,131.906494,30430000,-1.2982583882480014,-1.363594625175865,45.29411478103499,3.809358428571432,2326622000,-0.0814092146687478,False,True
2022-03-07,131.488007,131.735001,126.294998,126.378502,45112000,-1.787196905507301,-1.4483150812421524,34.51127990398497,3.992786500000002,2281510000,-0.1615827948137193,True,False
2022-03-08,126.25,131.25,125.6745,127.1045,40428000,-2.0919871067160614,-1.5770494863369342,33.710982175497946,4.206571928571431,2321938000,-0.1255535752930594,True,False
2022-03-09,131.25,133.735504,129.900497,133.419998,37026000,-1.803142129238978,-1.6222680149173432,43.71634237404936,4.454357714285716,2358964000,-0.1306083122523565,False,True
2022-03-10,131.266006,133.272003,130.912506,132.429504,27102000,-1.635304222335435,-1.6248752564009616,49.81841612132244,4.257785214285714,2331862000,-0.1335156924824713,False,False
2022-03-11,133.488495,133.795502,129.6315,129.870499,31526000,-1.68930849217071,-1.6377619035549114,49.12914709595388,4.278535071428572,2300336000,-0.1397677216594071,False,False
2022-03-14,130.25,130.408997,125.275002,125.950996,38812000,-2.0250350569456543,-1.71521653423306,44.30367646236856,4.362606071428573,2261524000,-0.1412539643281577,True,False
2022-03-15,126.975998,129.854507,125.720497,129.197998,30920000,-2.0059712651659822,-1.7733674804196446,52.30493827708406,4.334785428571431,2292444000,-0.1358712625127023,True,True
2022-03-16,130.733002,133.332993,128.734497,133.280502,35576000,-1.6425053398096452,-1.747195052297645,50.86936434652328,4.088499357142858,2328020000,-0.0733713589413696,True,False
2022-03-17,133.149002,134.080505,132.184998,133.839005,28264000,-1.2944676337349392,-1.656649568585104,49.05106773804646,3.9724637857142855,2356284000,-0.0708633946650595,True,False
2022-03-18,133.4245,136.244003,132.258499,136.125504,44566000,-0.8246379707563278,-1.4902472490193488,51.55379184296111,4.03150007142857,2400850000,0.0409785128187489,False,True
2022-03-21,136.163498,137.050003,134.092499,136.101501,26832000,-0.4490549929724636,-1.282008797809972,53.052805547225226,4.025822714285712,2374018000,0.1141803436794451,True,True
2022-03-22,136.101501,141.050003,136.101501,139.867996,35496000,0.150783750225429,-0.9954502882028918,57.22212836329161,4.22278757142857,2409514000,0.1554686067023189,False,True
2022-03-23,138.702499,139.588501,137.835007,138.275497,25154000,0.4919875889106606,-0.6979627127801814,55.820838789383295,4.124143785714284,2384360000,0.1856616042312259,True,True
2022-03-24,139.199997,141.619003,137.750504,141.572006,26396000,1.0166752164969637,-0.3550351269247523,62.42593174252806,4.146035714285711,2410756000,0.1561156155785055,True,True
2022-03-25,141.916,142.035004,139.737503,141.673004,24126000,1.424226044759763,0.0008171074121506,72.85114136912901,3.909321785714281,2434882000,0.1542921655484619,False,True
2022-03-28,140.900497,142.002502,139.811493,141.455505,35050000,1.709951405424249,0.3426439670145704,71.77230969155546,3.667572428571422,2399832000,0.1485844708710738,True,False
2022-03-29,142.647507,143.793503,142.038498,142.505493,34318000,1.998083407022648,0.6737318550161859,66.40484385443753,3.3609291428571373,2434150000,0.1401695054134271,False,False
2022-03-30,142.460007,142.720505,141.600006,141.938507,19884000,2.1558280190211576,0.9701510878171804,67.43619891643652,3.2618582142857093,2414266000,0.1151624857843181,False,False
2022-03-31,142.052994,142.108002,139.024506,139.067505,37524000,2.0258234612533386,1.181285562504412,66.67333091853916,3.1846792142857083,2376742000,0.0755027474076818,True,False
2022-04-01,139.5,140.470993,138.307495,140.150497,25942000,1.9872742554665592,1.3424833010968416,78.69342059780682,2.9725008571428515,2402684000,0.1091168043712916,True,False
2022-04-04,140.358505,143.712006,140.310501,142.971497,25942000,2.159461923235142,1.5058790255245016,78.32016454667564,2.9316079285714216,2428626000,0.2049595645875165,False,True
2022-04-05,142.869003,142.990494,140.382507,140.591003,21418000,2.0798605811936,1.6206753366583213,66.16261340081988,2.7894287142857093,2407208000,0.2141002174402045,False,True
2022-04-06,138.75,139.360504,135.516998,136.548004,32468000,1.6712743037400344,1.630795130074664,55.18966061369513,3.016464285714282,2374740000,0.1399921149296005,False,True
2022-04-07,136.009995,137.164505,134.227493,135.888504,26234000,1.279501302273701,1.5605363645144716,49.51579220236668,2.941571999999996,2348506000,0.1330879336770183,False,True
2022-04-08,135.583496,135.669998,132.9655,133.287506,25142000,0.7504884116402764,1.3985267739396328,44.79852261513592,2.9391077142857114,2323364000,0.1490889633471373,False,False
2022-04-11,131.823502,132.092499,128.668503,128.823502,36884000,-0.0286358350000739,1.1130942521516916,30.09819490556758,2.9155720714285707,2286480000,0.1412881310261909,False,False
2022-04-12,131.600006,131.600006,126.789001,127.7145,32710000,-0.727201876270982,0.7450350264671569,30.631953797192622,3.1140017857142843,2253770000,0.0721506621035967,True,False
2022-04-13,128.0,130.334,127.740997,129.893997,27928000,-1.092361243349103,0.3775557725039049,27.66851395605896,3.0247875714285715,2281698000,0.0455379398411186,False,False
2022-04-14,130.479507,130.479507,126.600998,126.730003,31598000,-1.6184045851527742,-0.0216362990274308,24.42138989943672,3.137716714285716,2250100000,-0.0396010314026877,True,True
2022-04-18,127.0,128.212494,126.181999,127.676498,20808000,-1.936599572775009,-0.4046289537769465,26.98816000600692,3.126251428571431,2270908000,-0.0973679218476569,True,False
2022-04-19,127.691498,130.332993,126.999496,130.009003,26490000,-1.977759354270745,-0.7192550338757062,29.987343964736084,3.197358500000002,2297398000,-0.0769203134564239,False,True
2022-04-20,130.891998,131.399002,127.5,128.039993,31696000,-2.144540500977996,-1.0043121272961644,28.69861080475387,3.3958230000000023,2265702000,-0.1504568060462196,False,True
2022-04-21,129.25,130.098495,124.526497,124.814499,36446000,-2.5080746472474686,-1.3050646312864251,28.390119298984445,3.573573142857146,2229256000,-0.182344612780794,False,True
2022-04-22,125.0,125.402,118.925003,119.635498,56884000,-3.1774524809657407,-1.6795422012222885,22.33235842710552,3.881680214285717,2172372000,-0.2883337503025243,True,True
2022-04-25,119.100998,123.277496,118.511002,123.073997,46128000,-3.3913873024719123,-2.021911221472213,23.604785928877572,3.9677505714285735,2218500000,-0.2376446225573314,False,True
2022-04-26,122.294502,122.510002,118.511002,118.650002,73054000,-3.873263048068239,-2.3921815867914185,22.39083318826812,4.107394000000001,2145446000,-0.3518991758165618,False,True
2022-04-27,114.469498,117.241997,112.736504,114.294502,91820000,-4.554108568999041,-2.824566983232943,22.21611169977332,4.167357785714287,2053626000,-0.3409335895931005,True,True
2022-04-28,116.415001,119.649498,114.114998,118.522499,48884000,-4.6983597598251805,-3.1993255385513906,30.092158171987904,4.352892642857145,2102510000,-0.2791180199395332,False,True
2022-04-29,116.734497,117.919998,113.814499,114.109497,42676000,-5.109868860787827,-3.581434202998678,28.891860624709523,4.4803923571428586,2059834000,-0.2773149720478605,True,True
2022-05-02,113.404999,116.745499,112.599998,116.583,35534000,-5.176727673669802,-3.900492897132903,35.91021157896451,4.446570785714285,2095368000,-0.2550608841287668,True,False
2022-05-03,116.430496,118.442001,116.0345,117.334,24968000,-5.110207055002746,-4.142435728706872,37.95192385276969,4.274891928571428,2120336000,-0.2718311414086213,True,True
2022-05-04,117.031502,122.8545,115.115997,122.261002,49916000,-4.606816586759308,-4.23531190031736,41.67194503275002,4.640535,2170252000,-0.1866472427305578,False,False
2022-05-05,120.204002,121.039001,115.005501,116.505501,45840000,-4.619051295836272,-4.312059779421142,39.44153458355509,4.881748714285714,2124412000,-0.1934264180086091,False,False
2022-05-06,115.184502,117.571503,114.015503,115.746498,39710000,-4.636545380773072,-4.376956899691528,37.63243864756561,4.990713357142859,2084702000,-0.1957075376362505,False,False
2022-05-09,113.25,115.077003,112.000504,112.511002,40802000,-4.85551569369197,-4.472668658491617,32.193593100891874,5.02017742857143,2043900000,-0.2017034908497765,True,True
2022-05-10,115.5075,116.25,112.900497,114.394997,39900000,-4.821449919555008,-4.542424910704296,36.09044084660829,5.0087485714285735,2083800000,-0.1663172993791341,False,False
2022-05-11,113.236504,116.364502,113.236504,113.602501,37534000,-4.80303396637585,-4.594546721838607,37.97408571608155,4.834177142857144,2046266000,-0.1755360111562738,False,True
2022-05-12,111.377502,114.294998,109.824501,112.844002,53836000,-4.794377125949154,-4.6345128026607165,41.952343340596045,4.690855714285717,1992430000,-0.1698338831188335,True,True
2022-05-13,114.532997,117.875,113.605003,116.050499,35038000,-4.477168990276383,-4.60304404018385,41.63141737080661,4.70974885714286,2027468000,-0.1297685863690147,False,False
2022-05-16,114.955498,116.169998,113.889503,114.445,25990000,-4.305696223122212,-4.543574476771522,44.62893974426867,4.546713142857145,2001478000,-0.155221260940385,True,True
2022-05-17,116.8405,116.900002,114.870003,116.473,23054000,-3.960505921527087,-4.426960765722636,52.95850966483592,4.299677714285717,2024532000,-0.1649048220401555,False,True
2022-05-18,115.0,115.400002,111.555496,111.899498,35126000,-4.009761475302682,-4.343520907638645,41.08925289794323,4.255606571428574,1989406000,-0.1709715776620333,False,False
2022-05-19,111.431503,113.010002,110.0,110.384003,34144000,-4.123550909453897,-4.299526908001695,44.56378090981807,4.134321000000003,1955262000,-0.1631918116954348,False,True
2022-05-20,111.950996,112.183502,105.796501,108.907997,48962000,-4.283454210746683,-4.296312368550693,38.46488355729085,4.294428142857146,1906300000,-0.1152443280145912,True,True
2022-05-23,109.587502,112.147499,108.740997,111.487999,37184000,-4.154108156651333,-4.267871526170822,41.671649762132056,4.36578535714286,1943484000,-0.1388951774476331,False,True
2022-05-24,105.772003,106.458504,101.884499,105.970001,76780000,-4.445610568324199,-4.3034193346014975,27.175792953758204,4.49899942857143,1866704000,0.0096274853251305,False,True
2022-05-25,104.985497,106.5,103.856499,105.805,40258000,-4.636495892930299,-4.370034646267258,32.223598453678335,4.169570857142858,1826446000,0.0683228325213187,True,True
2022-05-26,105.677002,108.649498,105.224998,107.792503,37948000,-4.574665114283448,-4.410960739870496,37.30447903815581,4.160178,1864394000,0.0568058797953668,True,True
2022-05-27,109.483002,112.318001,109.138496,112.316498,37914000,-4.113200770736384,-4.351408746043673,49.70181350079754,4.215856857142858,1902308000,0.1501194797116835,True,False
2022-05-31,112.746498,115.735001,112.078499,113.762001,50012000,-3.5894697691455377,-4.199020950664046,49.01635368179433,4.209964285714286,1952320000,0.1024074848492806,True,False
2022-06-01,114.855003,117.101501,113.25,113.891998,36606000,-3.127863442894636,-3.984789449110164,50.45932223897589,4.261643071428572,1988926000,0.0690396755785496,True,False
2022-06-02,114.0,117.899498,112.946503,117.622498,37992000,-2.432971153747701,-3.674425790037672,56.92826880446961,4.296107214285713,2026918000,0.0595952625781918,False,False
2022-06-03,116.0625,116.321503,113.518501,114.541,26136000,-2.106631210356241,-3.3608668741013856,47.8034384774214,4.229892857142856,2000782000,0.0811742225771928,True,False
2022-06-06,116.704498,119.347,116.164001,116.820503,33542000,-1.6451038790910817,-3.017714275099325,53.39023362198117,4.41028607142857,2034324000,0.0581567056824064,True,False
2022-06-07,115.480499,117.691002,115.052002,117.149498,31590000,-1.2385161536942633,-2.6618746508183126,51.01468110660893,4.423428785714283,2065914000,0.1177076709550006,True,True
2022-06-08,116.761497,118.570503,116.599998,117.194,26108000,-0.9023003556916792,-2.309959791792986,59.18977030807425,4.212928857142855,2092022000,0.1118965988071289,False,True
2022-06-09,116.327499,118.299004,114.776001,114.835503,25798000,-0.8167430056247866,-2.011316434559346,57.50687195399584,4.249571785714283,2066224000,0.1187096816029192,False,False
2022-06-10,112.445,113.278999,110.365997,111.161499,41452000,-1.0334862213202598,-1.815750391911529,53.53795767567049,4.112607857142856,2024772000,0.0698572046140173,False,False
2022-06-13,106.786499,108.791496,106.119003,106.392502,47252000,-1.571954470411356,-1.7669912076114946,42.51465625439142,4.22946457142857,1977520000,0.0121141468796897,True,False
2022-06-14,106.535004,107.9245,105.800003,106.7155,33706000,-1.9501510704637892,-1.8036231801819536,51.29240708863444,3.69525007142857,2011226000,0.023378303106488,True,False
2022-06-15,108.544998,111.4235,107.669502,109.764503,39698000,-1.9810096936334816,-1.8391004828722592,56.240254092174126,3.842714285714284,2050924000,0.0116413406427066,False,False
2022-06-16,107.221001,108.648499,105.138,106.033501,51684000,-2.2802408577278896,-1.9273285578433852,47.37219170674806,3.928571642857141,1999240000,0.0158331998295365,True,True
2022-06-17,106.033501,108.699501,105.045998,107.143501,51376000,-2.4001485691097884,-2.021892560096666,41.394115501384654,3.866286285714284,2050616000,0.0561953139781576,True,True
2022-06-21,108.929497,112.489502,108.599998,111.543999,47416000,-2.1157043592909446,-2.040654919935522,46.64040835632992,3.986964785714284,2098032000,0.0879150902892056,False,True
2022-06-22,110.556503,113.346497,110.3825,111.487503,30774000,-1.8732454215776928,-2.007173020263956,46.34980111574114,3.9235716428571417,2067258000,0.0505399517283634,True,True
2022-06-23,112.231499,112.7425,110.500504,112.241997,28362000,-1.601749633664724,-1.9260883429441096,41.02067165997671,3.729928857142857,2095620000,-0.0053527069048564,True,True
2022-06-24,112.995003,118.079002,112.952499,117.974998,41164000,-0.9134522883350088,-1.7235611320222897,55.264931701499975,3.853715142857144,2136784000,0.0216244043004808,False,False
2022-06-27,118.273003,118.579498,115.179497,115.833504,36420000,-0.5346097039503803,-1.485770846407908,48.48032337026988,3.753286642857144,2100364000,-0.0331178908515336,False,True
2022-06-28,115.802498,117.309502,111.848,112.0075,35792000,-0.536911591353288,-1.2959989953969842,42.85257647899044,3.9548939285714297,2064572000,-0.1282855960635112,False,False
2022-06-29,111.552002,113.1605,110.872498,111.7015,24716000,-0.5570066701863112,-1.1482005303548497,42.42047634156396,3.9775722857142872,2039856000,-0.1366571416114489,False,False
2022-06-30,110.0,110.888,106.75,108.962997,43170000,-0.784859103230005,-1.0755322449298808,41.98018851160481,4.079607785714287,1996686000,-0.0981036157100381,False,True
2022-07-01,107.932999,109.25,106.730499,108.737503,35476000,-0.9724198287972428,-1.0549097617033532,46.345439076318456,3.940321714285715,1961210000,-0.1157981144691422,True,False
2022-07-05,107.100502,113.376999,105.731499,113.263,39342000,-0.7472791000673027,-0.9933836293761432,60.43498935191842,4.126250571428572,2000552000,-0.0530115053867913,True,False
2022-07-06,113.302002,115.5895,111.475998,114.571999,37432000,-0.457949217443371,-0.8862967469895888,61.58554034722266,4.268322357142858,2037984000,-0.0011557275288518,True,True
2022-07-07,115.080002,119.189499,114.833504,118.782997,40936000,0.1098726019052236,-0.6870628772106263,62.85840447033917,4.261858071428572,2078920000,0.018209904358448,True,False
2022-07-08,117.25,119.684998,116.901497,119.3535,38238000,0.5990053480967958,-0.4298492321491419,70.87251932361374,4.130215071428571,2117158000,0.0692054246081914,False,False
2022-07-11,117.998001,117.998001,115.330498,115.676498,31196000,0.6820806410036084,-0.2074632575185918,62.375636269349286,4.156607857142856,2085962000,0.0710747065814001,False,True
2022-07-12,116.214996,116.973999,113.690002,114.0205,29960000,0.6072927178849739,-0.0445120624378787,53.90240041413804,4.009321857142856,2056002000,0.0654460659328863,False,True
2022-07-13,111.700996,114.195999,111.2015,111.3535,43722000,0.3290253397392177,0.0301954179975405,49.80489349359701,4.01150057142857,2012280000,0.0635110417794642,False,True
2022-07-14,110.210503,111.093002,108.373001,110.3675,37004000,0.0286047404541847,0.0298772824888694,47.28903408845871,4.064250785714284,1975276000,0.0919331657066177,True,True
2022-07-15,112.000504,113.140503,110.900002,111.777496,46770000,-0.0946151905008036,0.0049787878909347,39.75602165563925,3.845393499999997,2022046000,0.0719632366956073,False,True
2022-07-18,112.639999,113.68,108.370003,109.029999,43164600,-0.4092503365139492,-0.077867036990042,38.97521189988516,3.981821785714284,1978881400,0.0634303087008991,True,True
2022-07-19,110.849998,114.019997,109.559998,113.809998,36530900,-0.2697850710084282,-0.1162506437937192,52.83327118206186,3.948142928571426,2015412300,0.0987677179582933,True,True
2022-07-20,113.169998,115.400002,112.480003,113.900002,35600400,-0.1502631328373382,-0.123053141602443,53.47935919710044,3.993285571428569,2051012700,0.0659156394021135,True,True
2022-07-21,114.279999,114.550003,111.110001,114.339996,32676200,-0.0198089518447375,-0.1024043036509019,59.17733826145852,3.885321428571427,2083688900,0.1152458726095463,False,False
2022-07-22,111.0,112.339996,106.5,107.900002,48901200,-0.4311072322426241,-0.1681448893692464,48.82073607327576,4.265356785714284,2034787700,0.0578458224859717,False,False
2022-07-25,108.410004,109.870003,106.300003,107.510002,34690900,-0.7795476828991781,-0.2904254480752328,40.83157880108562,3.9742496428571408,2000096800,-0.0090581701363014,False,False
2022-07-26,106.599998,107.199997,104.07,105.019997,47991000,-1.2422914811867969,-0.4807986546975456,35.32943490383499,3.9261424999999983,1952105800,-0.0042704237461715,True,True
2022-07-27,109.260002,113.910004,108.010002,113.059998,59858500,-0.9493152720823588,-0.5745019781745083,42.135279104742565,4.231321571428571,2011964300,0.0927801007016184,True,True
2022-07-28,112.370003,114.339996,111.459999,114.220001,32816600,-0.6164212476035829,-0.5828858320603233,43.05786580672807,4.238214142857143,2044780900,0.1382068901004235,True,True
2022-07-29,113.080002,116.709999,113.059998,116.32,37223400,-0.1810608096489545,-0.5025208275780496,50.9089912587378,4.211571214285715,2082004300,0.1725136106090619,False,True
2022-08-01,115.300003,116.720001,114.339996,114.860001,26034300,0.0456297649268719,-0.3928907090770653,51.19245637795223,4.147000357142858,2055970000,0.1288357635417422,True,True
2022-08-02,114.0,116.349998,113.720001,115.129997,20236000,0.2442544855782955,-0.2654616701459931,55.7562432310931,4.1209645,2076206000,0.083834227859878,True,False
2022-08-03,115.709999,118.620003,115.480003,118.080002,28499000,0.632416651495177,-0.0858860058177591,61.091542064639,4.157357857142857,2104705000,0.0845413066193117,True,False
2022-08-04,117.480003,118.779999,116.889999,118.190002,21602900,0.9381002099600266,0.118911237337798,59.58019984524688,4.094286214285716,2126307900,0.052406333925794,False,False
2022-08-05,116.230003,118.110001,116.0,117.470001,19159500,1.1094692975326552,0.3170228493767695,63.42239503816793,3.8714294285714295,2107148400,0.0235490185495011,False,False
2022-08-08,118.389999,120.150002,116.879997,117.300003,19138300,1.217528208906856,0.4971239212827868,56.50392308997106,3.748572785714287,2088010100,0.0366126040242446,False,False
2022-08-09,117.139999,117.32,115.709999,116.629997,19086500,1.2348670117338545,0.6446725393730004,54.97992502809468,3.655001500000001,2068923600,0.0757817954039594,True,False
2022-08-10,118.779999,120.919998,118.410004,119.699997,30930400,1.4792792702252768,0.8115938855434557,58.92143766810707,3.7157157142857145,2099854000,0.1364313812259995,False,True
2022-08-11,121.279999,121.489998,118.559998,118.839996,24293700,1.5853084041404912,0.9663367892628628,72.36301663604937,3.365001714285715,2075560300,0.0835447173173625,True,True
2022-08-12,120.260002,121.68,119.459999,121.68,19096300,1.8768664959072223,1.1484427305917349,76.32848108834415,3.312859142857145,2094656600,0.1330219910191937,True,True
2022-08-15,121.129997,122.300003,120.610001,122.080002,19494800,2.1158153997597253,1.341917264425333,84.36743491089752,3.187859142857145,2114151400,0.2144774179603607,False,True
2022-08-16,121.519997,122.43,120.639999,121.699997,19041200,2.248600433834909,1.523253898307248,75.1747943868827,2.6807158571428595,2095110200,0.1711666226537072,False,False
2022-08-17,120.120003,121.290001,119.379997,119.550003,22847000,2.1554997233942714,1.649703063324653,64.68319301201491,2.640716071428573,2072263200,0.1443998926785002,True,False
2022-08-18,119.43,120.82,118.720001,120.169998,17987700,2.1074517625260256,1.7412528031649277,61.547680306773785,2.530001642857144,2090250900,0.1097504180393664,False,False
2022-08-19,119.059998,119.150002,116.760002,117.209999,21809500,1.8096655280848069,1.7549353481489036,56.46669571820724,2.60357242857143,2068441400,0.1371237960366702,False,False
2022-08-22,115.199997,115.629997,113.849998,114.239998,21456600,1.318811099071496,1.6677104983334223,47.867756274781065,2.6557155714285727,2046984800,0.1388934264206066,False,False
2022-08-23,113.480003,115.010002,113.43,113.860001,15870400,0.8888962034163939,1.5119476393500166,38.469944513123856,2.519286714285716,2031114400,0.1712982186031816,False,False
2022-08-24,113.5,114.779999,112.870003,113.690002,17734600,0.5283772486619256,1.3152335612123984,37.74509937417218,2.520715000000002,2013379800,0.0878790110841909,True,True
2022-08-25,114.239998,116.720001,114.110001,116.650002,16956800,0.4760233411059857,1.147391517191116,48.009711261664506,2.580714785714286,2030336600,0.0590511210920821,False,True
2022-08-26,114.720001,115.120003,110.190002,110.339996,37245700,-0.0737817470487272,0.9031568643431472,36.985780371278096,2.808571571428572,1993090900,-0.0874628178660808,False,False
2022-08-29,109.989998,110.949997,108.800003,109.419998,21191200,-0.577090055465689,0.6071074803813801,36.64320353304173,2.8471425,1971899700,-0.0753226440713082,False,False
2022-08-30,110.169998,110.5,107.800003,108.940002,27513300,-1.0031336810862117,0.2850592480878617,27.95082720706891,2.733570785714285,1944386400,-0.0871006499651123,False,True
2022-08-31,110.650002,110.849998,108.129997,108.220001,28627000,-1.3829327988106996,-0.0485391612918504,28.1121263122992,2.7185708571428555,1915759400,-0.1900700925214286,True,True
2022-09-01,108.279999,110.449997,107.360001,109.739998,28360900,-1.543482970260797,-0.3475279230856398,23.97557278795672,2.7364274285714267,1944120300,-0.1710973332896637,False,False
2022-09-02,110.589996,110.739998,107.260002,107.849998,24160700,-1.8024498228754453,-0.638512303043601,20.87594967300025,2.8642841428571404,1919959600,-0.2211131969508898,False,False
2022-09-06,107.300003,108.029999,105.779999,106.809998,25068300,-2.067766304862701,-0.9243631034074212,20.32680532306459,2.897141214285712,1894891300,-0.1918693470721479,True,True
2022-09-07,107.059998,109.980003,106.900002,109.449997,23167000,-2.0414728442559777,-1.1477850515771326,30.257993084281352,2.9578558571428557,1918058300,-0.1632421328047161,False,True
2022-09-08,108.040001,109.599998,107.160004,108.379997,24238300,-2.0829640321651794,-1.334820847694742,27.353046157177214,2.982141214285712,1893820000,-0.1675279363315442,True,True
2022-09-09,109.07,110.989998,109.019997,110.650002,23197700,-1.9106508713286277,-1.4499868524215191,37.05604329345081,2.9249987142857115,1917017700,-0.0913686439408273,True,False
2022-09-12,110.989998,111.620003,109.93,110.860001,22966800,-1.7371218265555086,-1.5074138472483172,42.51550609151984,2.80571314285714,1939984500,-0.1271741232118877,False,False
2022-09-13,107.800003,108.300003,104.089996,104.32,38172900,-2.1030792435959,-1.6265469265178338,33.4029215934961,3.17642764285714,1901811600,-0.2235821116423054,True,False
2022-09-14,104.57,105.279999,103.660004,105.0,26395100,-2.311586288358626,-1.7635547988859923,35.14529674220192,3.1557132857142824,1928206700,-0.191817634353906,False,False
2022-09-15,104.029999,105.269997,102.349998,102.910004,34188300,-2.6153269725646453,-1.933909233621723,25.79281365699886,3.1478561428571408,1894018400,-0.1920584388372702,False,False
2022-09-16,102.07,103.129997,100.940002,102.800003,42797200,-2.8322711556597966,-2.113581618029338,33.0027155554107,2.842855785714284,1851221200,-0.1386884554427508,True,True
2022-09-19,101.75,103.330002,101.550003,103.07,23036800,-2.9484268528920694,-2.280550665001884,35.253134325363405,2.8164275714285694,1874258000,-0.0811137818317553,False,False
2022-09-20,102.080002,102.370003,100.519997,101.139999,26517100,-3.159791916502641,-2.456398915302036,33.02871188364384,2.805713714285712,1847740900,-0.0740579966454638,False,False
2022-09-21,101.669998,102.879997,99.269997,99.279999,31487300,-3.4377583690009037,-2.6526708060418094,31.467654472247855,2.869285071428569,1816253600,-0.1162738734126156,True,True
2022-09-22,98.82,101.239998,98.790001,100.139999,34298600,-3.547757630998106,-2.831688171033069,29.53964320288334,2.8235708571428546,1850552200,-0.1020977401421535,False,False
2022-09-23,99.629997,99.660004,97.470001,98.739998,31625400,-3.705190094032972,-3.00638855563305,30.16978667827601,2.7657138571428552,1818926800,-0.1186330097138725,False,False
2022-09-26,98.099998,99.879997,97.800003,98.169998,27072700,-3.8317803132878367,-3.171466907164008,30.80000000000001,2.753570571428569,1791854100,-0.0896810509509839,False,True
2022-09-27,99.43,100.0,96.870003,97.5,30072800,-3.940740806284822,-3.3253216869881705,20.896255279895517,2.750712857142855,1761781300,-0.1039943158544059,True,False
2022-09-28,97.650002,100.699997,97.110001,100.050003,32466300,-3.777780944031349,-3.4158135383968062,31.07679863000466,2.8328558571428557,1794247600,-0.0598621778667309,False,True
2022-09-29,98.639999,98.639999,95.959999,97.419998,31047200,-3.816855172248353,-3.4960218651671155,20.429139881167643,2.938570357142856,1763200400,-0.008757968112365,False,True
2022-09-30,97.050003,98.900002,95.559998,95.650002,32941500,-3.9451682208827776,-3.5858511363102483,18.219808534049665,3.056427571428572,1730258900,-0.0881772254105869,True,True
2022-10-03,96.760002,99.290001,96.519997,98.639999,27982000,-3.7622209259851616,-3.6211250942452313,36.06476350951021,2.8328557142857145,1758240900,-0.0352592216719193,True,True
2022-10-04,100.440002,101.839996,100.379997,101.639999,28850800,-3.3366955989174016,-3.564239195179666,42.59911510993725,2.945713,1787091700,0.0038901452197905,False,True
2022-10-05,99.830002,101.93,98.800003,101.43,22176900,-2.982033845813959,-3.4477981253065244,46.4457153165913,2.9607128571428567,1764914800,0.0037238301942372,False,False
2022-10-06,100.68,102.93,100.589996,101.419998,22324000,-2.6709795395840388,-3.292434408162028,46.66987194352664,2.9714277857142863,1742590800,-0.007266512274851,False,False
2022-10-07,99.849998,100.529999,98.300003,98.68,27502800,-2.6154128490667574,-3.1570300963429743,40.53471323846489,3.0671417857142877,1715088000,-0.0633157323397553,False,False
2022-10-10,99.0,99.099998,97.010002,97.860001,18225100,-2.607485443686372,-3.047121165811654,42.57246762431771,3.034284142857145,1696862900,-0.073518579053408,False,False
2022-10-11,97.43,99.25,96.309998,97.18,26507100,-2.625804673730954,-2.962857867395514,44.97607870698942,2.9864271428571456,1670355800,-0.0348614505434558,True,False
2022-10-12,97.300003,98.75,96.739998,97.559998,21876400,-2.579920416088015,-2.8862703771340144,43.68266067815776,2.9549989285714315,1692232200,-0.0723057019787748,True,False
2022-10-13,95.150002,99.779999,94.379997,99.059998,34574500,-2.39491228926137,-2.787998759559485,50.779727247510166,3.149999214285717,1726806700,0.008717668748645,False,False
2022-10-14,99.989998,100.690002,96.370003,96.559998,25410700,-2.4221006538357983,-2.7148191384147484,46.414253258664246,3.3099995714285746,1701396000,-0.086469359306076,True,True
2022-10-17,98.860001,100.93,98.830002,99.970001,28419200,-2.1437767610797493,-2.600610662947749,54.90274097249936,3.398571357142861,1729815200,-0.1103490567394521,True,True
2022-10-18,103.129997,103.470001,99.970001,100.769997,24060700,-1.8374688820135676,-2.4479823067609123,51.53582377196854,3.3921430714285754,1753875900,-0.1185597958942414,False,False
2022-10-19,100.010002,101.019997,98.919998,99.629997,23811100,-1.667484431098302,-2.2918827316283905,55.034168809834014,3.2499998571428605,1730064800,-0.0773940299729858,True,False
2022-10-20,100.0,102.32,99.389999,99.970001,25323200,-1.488180232448471,-2.1311422317924067,60.52631489176143,3.220713928571431,1755388000,-0.1133393654013353,True,False
2022-10-21,97.849998,101.309998,97.720001,101.129997,32458700,-1.2382051225951898,-1.9525548099529637,56.66131228706524,3.217142357142859,1787846700,-0.0686995246317096,True,False
2022-10-24,101.800003,102.75,99.980003,102.519997,27176400,-0.9173618869825616,-1.745516225358883,52.57610716068084,3.186428071428573,1815023100,0.0051425856408302,True,False
2022-10-25,102.900002,104.82,102.720001,104.480003,40611400,-0.49918096008399,-1.4962491723039044,58.09878522058651,3.127142785714287,1855634500,0.0870823534768047,False,True
2022-10-26,96.43,98.309998,94.690002,94.93,88114100,-0.9276812599773052,-1.3825355898385847,38.56186625846086,3.6592854285714287,1767520400,-0.0802745917561103,False,False
2022-10-27,94.519997,95.43,91.800003,92.220001,60710900,-1.4690112583555075,-1.3998307235419694,38.60268549705617,3.695714142857143,1706809500,-0.1539162181737204,True,True
2022-10-28,92.269997,96.550003,92.129997,96.290001,43697300,-1.5517169692403598,-1.4302079726816477,47.51503687590311,3.8621434285714287,1750506800,-0.0440723084312586,False,True
2022-10-31,95.419998,96.029999,93.980003,94.510002,31675000,-1.7408257288311688,-1.4923315239115518,45.916185877493305,3.817143142857143,1718831800,-0.089953395136804,False,True
2022-11-01,95.449997,96.029999,90.370003,90.470001,47161400,-2.1914286746207807,-1.6321509540533976,40.247598851906695,4.077857000000001,1671670400,-0.1863999646314212,False,False
2022-11-02,90.940002,91.18,86.879997,86.970001,57038300,-2.7986939036625387,-1.8654595439752255,34.23729492409221,3.999285642857144,1614632100,-0.2758947229920038,False,True
2022-11-03,86.32,86.519997,83.339996,83.43,61288000,-3.524970799308804,-2.197361795041941,33.33333925700144,3.950000357142857,1553344100,-0.3303195426344574,True,False
2022-11-04,85.400002,86.639999,83.709999,86.580002,51124900,-3.8025383409198663,-2.518397104217527,32.8903697870537,3.867142999999999,1604469000,-0.2328709943624992,True,False
2022-11-07,87.279999,88.900002,86.849998,88.489998,34078900,-3.824307664507799,-2.779579216275581,34.7415545926719,3.782857285714285,1638547900,-0.1977935132554036,True,False
2022-11-08,88.900002,90.32,87.589996,88.900002,30429000,-3.765074676840115,-2.976678308388488,36.421169308203936,3.827857642857142,1668976900,-0.1846523059582558,False,True
2022-11-09,88.449997,89.440002,87.279999,87.32,31769100,-3.801800277079522,-3.141702702126695,34.47852980842286,3.7728577857142858,1637207800,-0.2156170031798198,True,True
2022-11-10,92.25,94.389999,91.610001,93.940002,51620100,-3.2591572085824225,-3.1651936034178405,42.22030657207102,4.021429357142858,1688827900,-0.199404131039002,True,False
2022-11-11,94.690002,96.93,93.919998,96.410004,33090500,-2.599830916072364,-3.052121065948745,43.53987015906549,4.038572571428572,1721918400,-0.1431134575864087,False,True
2022-11-14,95.089996,96.790001,94.510002,95.699997,30179500,-2.110275764777313,-2.863752005714459,40.4648104177544,4.037143714285716,1691738900,-0.1441559195587547,True,False
2022-11-15,98.260002,100.139999,96.709999,98.440002,41640800,-1.4840965349618216,-2.5878209115639312,54.47361739810481,3.655000928571432,1733379700,-0.1252233478755675,True,True
2022-11-16,97.900002,99.639999,97.639999,98.849998,29105200,-0.9438812576424168,-2.259032980779628,58.9764337232772,3.538572571428574,1762484900,-0.1081475392739516,False,True
2022-11-17,96.970001,99.279999,96.790001,98.360001,26052600,-0.5489672682025173,-1.917019838264206,53.103446973065736,3.40071485714286,1736432300,-0.0820264402626698,False,True
2022-11-18,98.769997,98.900002,96.370003,97.43,28342300,-0.3074937976361696,-1.5951146301385988,54.4923024037896,3.4164292142857167,1708090000,-0.1224268070630802,False,True
2022-11-21,97.290001,98.400002,95.360001,95.599998,21647400,-0.2607840438005979,-1.3282485128709989,58.46813159596445,3.2292867142857165,1686442600,-0.1719511970184507,True,False
2022-11-22,95.949997,97.220001,94.050003,97.050003,23438500,-0.1055462703533436,-1.0837080643674677,67.84701513334517,3.1485720714285725,1709881100,-0.1834926578029774,True,True
2022-11-23,97.089996,98.760002,97.089996,98.459999,18868100,0.129759885713355,-0.8410144743513032,78.78205517828653,3.011428785714287,1728749200,-0.0828050591292695,False,True
2022-11-25,98.239998,98.639999,97.400002,97.459999,9701400,0.2328657357859782,-0.6262384323238469,72.7044870380924,2.870714357142859,1719047800,-0.0348304322095773,False,False
2022-11-28,97.040001,97.580002,95.610001,96.050003,26237500,0.198514618483486,-0.4612878221623803,66.11253232361531,2.845714428571429,1692810300,-0.1132564234381495,False,False
2022-11-29,95.730003,96.120003,94.110001,95.190002,20061700,0.1007350067110621,-0.3488832563876918,63.15348566115317,2.794285714285716,1672748600,-0.0902528029437328,True,False
2022-11-30,94.82,101.040001,94.419998,100.989998,43647500,0.4856568150749893,-0.1819752420951556,74.29789385754133,3.112857142857144,1716396100,0.0414637232534814,False,False
2022-12-01,101.019997,102.25,100.25,100.989998,28687100,0.7816991798606807,0.0107596422960116,66.38771429331209,2.7507143571428574,1687709000,0.1169186789822133,False,False
2022-12-02,99.050003,100.769997,98.900002,100.440002,21480700,0.9608586260049208,0.2007794390377934,60.285856078188495,2.684999642857143,1666228300,0.2439511925224162,False,False
2022-12-05,99.400002,101.379997,99.0,99.480003,24405100,1.013694640778823,0.3633624793859994,59.52622959991412,2.692142357142857,1641823200,0.1446031227356539,False,False
2022-12-06,99.300003,99.779999,96.419998,96.980003,24910700,0.8441081037409646,0.4595116042569924,46.27550990472694,2.614999428571428,1616912500,0.0814019737062185,False,True
2022-12-07,96.410004,96.879997,94.720001,94.940002,31045400,0.5388865706914601,0.4753865975438859,40.79133810237311,2.6335709999999994,1585867100,0.0397971164390167,False,True
2022-12-08,95.379997,95.580002,93.449997,93.709999,32213300,0.1954918360151651,0.4194076452381418,39.417380867980114,2.6078572142857133,1553653800,0.050789442115203,False,True
2022-12-09,93.769997,94.260002,92.75,92.830002,28225400,-0.1459766408510603,0.3063307880203014,39.5073000026642,2.535000285714285,1525428400,-0.0577871809432733,True,True
2022-12-12,92.709999,93.559998,91.610001,93.309998,29420000,-0.3735550926311362,0.1703536118900139,44.433637436603,2.4571428571428555,1554848400,-0.0577742798026535,True,True
2022-12-13,97.760002,99.529999,95.029999,95.629997,40593700,-0.3625291150499237,0.0637770665020264,46.68841575411918,2.675000214285714,1595442100,-0.1132395643043045,False,False
2022-12-14,95.199997,96.870003,93.599998,95.07,28733600,-0.3944312680555271,-0.0278646004094842,41.76784330204093,2.786429214285714,1566708500,-0.1220425781558947,False,False
2022-12-15,93.129997,93.639999,90.010002,90.860001,40107000,-0.7507712652188303,-0.1724459333713535,36.1344463314675,3.059286428571428,1526601500,-0.1696741660908429,False,True
2022-12-16,90.760002,91.330002,89.519997,90.260002,58011800,-1.0692623938770396,-0.3518092254724907,37.407557021682,3.0478581428571414,1468589700,-0.1902937803562655,False,True
2022-12-19,90.260002,90.559998,88.209999,88.440002,29493000,-1.45179233919184,-0.5718058482163606,35.90813137145574,3.0721436428571414,1439096700,-0.2228412651519834,True,True
2022-12-20,88.110001,89.18,87.440002,89.019997,23453800,-1.6886832383508334,-0.7951813262432552,18.045880559088687,2.7235718571428555,1462550500,-0.158022220514314,True,True
2022-12-21,89.080002,90.220001,88.32,89.580002,24745600,-1.8103645042064471,-0.9982179618358936,20.42507962421536,2.7164290714285704,1487296100,-0.1796698848029354,False,True
2022-12-22,88.160004,88.540001,86.32,87.760002,27658300,-2.0302530799713168,-1.2046249854629785,19.16340912617173,2.800000928571428,1459637800,-0.183527622638065,True,True
2022-12-23,87.110001,89.550003,87.07,89.230003,23003000,-2.062128629872888,-1.3761257143449603,25.67630780305943,2.8071442142857137,1482640800,-0.1368868628007366,False,True
2022-12-27,88.800003,88.940002,87.010002,87.389999,20097300,-2.2103832558086225,-1.5429772226376928,26.506600001293464,2.7257156428571423,1462543500,-0.1343981119008008,False,True
2022-12-28,86.980003,88.040001,85.940002,86.019997,19523200,-2.410635521076699,-1.716508882325494,27.406265563262224,2.714286857142856,1443020300,-0.1671033319533121,True,True
2022-12-29,86.620003,88.849998,86.610001,88.449997,23333500,-2.346210537784416,-1.8424492134172783,37.44029726083014,2.7642865714285705,1466353800,-0.2212914619376745,False,True
2022-12-30,86.980003,88.300003,86.57,88.230003,23986300,-2.286547060415444,-1.931268782816912,38.65877455271058,2.790714785714285,1442367500,-0.1717412264221653,True,True
2023-01-03,89.589996,91.050003,88.519997,89.120003,28131200,-2.142747503383717,-1.9735645269302728,39.87434506388232,2.8528578571428573,1470498700,-0.219144185885472,False,False
2023-01-04,90.349998,90.650002,87.269997,88.080002,34854800,-2.088628300542524,-1.9965772816527232,30.551272109933805,2.650000999999999,1435643900,-0.2213388328601176,False,False
2023-01-05,87.470001,87.57,85.900002,86.199997,27194400,-2.172397092612343,-2.0317412438446474,28.6058831148376,2.572143499999999,1408449500,-0.221863524608706,True,True
2023-01-06,86.790001,87.690002,84.860001,87.339996,41381500,-2.1223311594178824,-2.0498592269592946,40.03396375029337,2.412858,1449831000,-0.1255975450595883,True,False
2023-01-09,88.360001,90.050003,87.860001,88.019997,29003900,-2.004674509086982,-2.0408222833848324,43.68657238974031,2.4771438571428583,1478834900,-0.1269622340819665,True,False
2023-01-10,85.980003,88.669998,85.830002,88.419998,30467800,-1.8577391675560904,-2.004205660219084,49.93871326533663,2.512143642857145,1509302700,-0.0430372832840679,True,False
2023-01-11,89.18,91.599998,89.010002,91.519997,26862000,-1.4741547014842382,-1.898195468472115,56.6348153069117,2.61500092857143,1536164700,-0.0376828561307302,False,False
2023-01-12,91.480003,91.870003,89.75,91.129997,30258100,-1.187937188732974,-1.7561438125242868,54.15102950952298,2.6307153571428583,1505906600,0.0275613372266957,True,False
2023-01-13,90.849998,92.190002,90.129997,92.120003,26329200,-0.8711801153382908,-1.5791510730870877,62.21972483988662,2.5450012857142874,1532235800,0.0743483110588288,False,True
2023-01-17,92.059998,92.25,90.050003,91.290001,32602400,-0.6792916263215147,-1.3991791837339729,55.988361404822136,2.525000857142857,1499633400,0.1191998870914076,False,False
2023-01-18,92.139999,92.800003,90.639999,91.120003,29116700,-0.5347715209514377,-1.226297651177466,62.00902150211383,2.520715357142858,1470516700,0.115292296889781,True,True
2023-01-19,90.720001,93.610001,90.629997,93.050003,37000400,-0.2614891418614604,-1.0333359493142649,71.845877496876,2.583572857142858,1507517100,0.1974895728042344,True,True
2023-01-20,95.099998,98.300003,95.019997,98.019997,63191100,0.3520676752815319,-0.7562552243951055,75.68438003220612,2.7564299285714293,1570708200,0.2399354765471086,True,False
2023-01-23,97.949997,100.040001,97.5,99.790001,40005100,0.9699593163447702,-0.4110123162471304,78.64220087106003,2.8035730714285725,1610713300,0.2731502429086596,False,False
2023-01-24,98.099998,99.610001,97.199997,97.699997,33078500,1.2762848206952242,-0.0735528888586595,70.06545458763496,2.7871447857142866,1577634800,0.2262413833275282,False,True
2023-01-25,95.57,96.160004,93.760002,95.220001,42330000,1.3039044401071749,0.2019385769345074,65.64416341816516,2.8271440714285725,1535304800,0.2070352080462587,True,False
2023-01-26,96.5,97.57,95.379997,97.519997,30114000,1.4941598975939314,0.4603828410663922,74.35456110154905,2.8392868571428584,1565418800,0.2669158967317473,True,False
2023-01-27,97.309998,100.32,97.309998,99.370003,33879800,1.7737718041992991,0.7230606336929737,75.11482982030024,2.852144071428572,1599298600,0.3071766924965626,False,False
2023-01-30,97.480003,98.290001,96.400002,96.940002,27226200,1.77878080448329,0.934204667851037,67.3540906039442,2.870715071428571,1572072400,0.2654021418558542,True,True
2023-01-31,96.870003,98.879997,96.82,98.839996,29870700,1.9140007015207916,1.130163874584988,69.15440808823529,2.8150008571428566,1601943100,0.272986791793991,True,True
2023-02-01,98.709999,101.190002,97.580002,100.43,35531100,2.12496816841319,1.3291247333506284,67.34138043180607,2.845715142857144,1637474200,0.321992924060152,True,False
